id,correct_rating,ss,lower,no_punc,adjective,lemmatized
4715_9.txt,1, , , , ,X
1930_9.txt,1, , , ,X, 
3205_9.txt,1,X, , , , 
6511_7.txt,1, , , ,X, 
4667_7.txt,1,X, , , , 
716_10.txt,1, , , ,X, 
10086_10.txt,1, , , ,X, 
4669_8.txt,1, , , ,X, 
4451_9.txt,1, , , ,X, 
4595_8.txt,1, , , , ,X
12166_10.txt,1, , , ,X, 
5313_7.txt,1, , , ,X, 
165_7.txt,1, , , ,X, 
10945_8.txt,1, , , ,X, 
8618_7.txt,1, , , , ,X
8517_8.txt,1, , , ,X, 
5047_10.txt,1, , , ,X, 
8234_7.txt,1, , , ,X, 
4923_9.txt,1, , , , ,X
10242_8.txt,1, , , ,X, 
2547_7.txt,1, , , , ,X
11242_8.txt,1, , , ,X, 
10252_10.txt,1, , , ,X, 
8616_8.txt,1, , , ,X, 
3547_7.txt,1, , , ,X, 
1631_7.txt,1, , , ,X, 
1121_7.txt,1, , , ,X, 
1962_7.txt,1, , , ,X, 
5747_7.txt,1, , , ,X, 
3630_8.txt,1, , , , ,X
11519_7.txt,1, , , ,X, 
8303_10.txt,1,X, , , , 
7892_10.txt,1, , , ,X, 
1103_10.txt,1, , , , ,X
9757_10.txt,1, , , ,X, 
5790_9.txt,1, , , ,X, 
11740_7.txt,1, , , ,X, 
8314_7.txt,1, , , ,X, 
9351_7.txt,1, , , ,X, 
6695_7.txt,1, , , ,X, 
2422_7.txt,1,X, , , , 
4780_10.txt,1, , , , ,X
5751_10.txt,1, , , ,X, 
4266_10.txt,1, , , ,X, 
5510_9.txt,1, , , ,X, 
3494_9.txt,1, , , ,X, 
11173_10.txt,1, , , ,X, 
11952_7.txt,1, , , ,X, 
11026_9.txt,1,X, , , , 
2236_7.txt,1, , , ,X, 
7887_7.txt,1, , , ,X, 
2531_9.txt,1, , , ,X, 
6603_10.txt,1, , , ,X, 
3822_8.txt,1, , , ,X, 
5534_8.txt,1,X, , , , 
3362_10.txt,1, , , ,X, 
2408_8.txt,1, , , ,X, 
2004_10.txt,1, , , ,X, 
12171_9.txt,1, , , ,X, 
1743_8.txt,1, , , ,X, 
3213_10.txt,1, , , , ,X
10207_10.txt,1,X, , , , 
11143_9.txt,1, , , ,X, 
81_9.txt,1, , , ,X, 
10074_7.txt,1, , , ,X, 
10143_9.txt,1, , , ,X, 
2353_7.txt,1, , , ,X, 
6123_10.txt,1,X, , , , 
4292_7.txt,1, , , ,X, 
6849_8.txt,1, , , ,X, 
4830_7.txt,1, , , ,X, 
589_10.txt,1,X, , , , 
1127_10.txt,1, , , ,X, 
5451_8.txt,1, , , ,X, 
3947_8.txt,1, , , ,X, 
9362_9.txt,1, , , ,X, 
7490_7.txt,1, , , ,X, 
10682_10.txt,1, , , ,X, 
590_7.txt,1, , , ,X, 
5694_9.txt,1, , ,X, , 
9952_7.txt,1, , , ,X, 
11411_8.txt,1, , , ,X, 
5999_8.txt,1, , , ,X, 
11784_10.txt,1, , , , ,X
3780_7.txt,1, , , ,X, 
10940_10.txt,1, , , ,X, 
5540_7.txt,1, , , ,X, 
10179_10.txt,1,X, , , , 
10079_10.txt,1, , , ,X, 
8469_8.txt,1,X, , , , 
12402_10.txt,1, , , ,X, 
12173_9.txt,1,X, , , , 
858_7.txt,1, , , ,X, 
7461_8.txt,1, , , , ,X
8950_7.txt,1, , , ,X, 
8915_7.txt,1, , , ,X, 
1134_8.txt,1, , , ,X, 
6412_10.txt,1, , , ,X, 
8147_10.txt,1, , , ,X, 
1182_7.txt,1, , , ,X, 
11926_8.txt,1, , , , ,X
458_9.txt,1,X, , , , 
2106_8.txt,1, , , ,X, 
5453_8.txt,1, , , , ,X
1270_8.txt,1, , , ,X, 
6725_8.txt,1, , , ,X, 
10198_8.txt,1, , , ,X, 
5981_10.txt,1, , , ,X, 
1075_9.txt,1, , , ,X, 
4634_10.txt,1, , , ,X, 
3282_8.txt,1, , , ,X, 
3946_10.txt,1, , , ,X, 
2002_9.txt,1, , , ,X, 
3933_7.txt,1, , , ,X, 
7154_10.txt,1, , , ,X, 
6332_10.txt,1, , , ,X, 
1331_9.txt,1, , , ,X, 
4018_10.txt,1, , , ,X, 
8549_8.txt,1, , , ,X, 
9947_9.txt,1, , , ,X, 
1812_8.txt,1,X, , , , 
9076_7.txt,1,X, , , , 
7541_8.txt,1, , , ,X, 
8379_8.txt,1, , , ,X, 
154_9.txt,1, , , ,X, 
1473_7.txt,1, , , ,X, 
4215_7.txt,1, , , ,X, 
9629_9.txt,1, , , ,X, 
9205_9.txt,1, , , ,X, 
5786_10.txt,1, , , ,X, 
11469_8.txt,1, , , ,X, 
10493_10.txt,1, , , ,X, 
6355_9.txt,1,X, , , , 
7227_7.txt,1, , , ,X, 
4066_8.txt,1, , , ,X, 
4702_10.txt,1, , , ,X, 
3820_9.txt,1, , , ,X, 
8526_7.txt,1, , , ,X, 
11974_7.txt,1, , , ,X, 
6996_9.txt,1, , , ,X, 
9437_10.txt,1,X, , , , 
4637_9.txt,1, , , ,X, 
7149_8.txt,1, , , ,X, 
7697_7.txt,1, , , ,X, 
7833_9.txt,1, , , ,X, 
1880_7.txt,1, , , ,X, 
3797_8.txt,1, , , ,X, 
4661_10.txt,1, , , ,X, 
3346_8.txt,1, , , ,X, 
6565_8.txt,1, , , ,X, 
10443_7.txt,1, , , ,X, 
9017_7.txt,1, , , ,X, 
5327_10.txt,1,X, , , , 
3777_10.txt,1, , , ,X, 
9869_7.txt,1, , , ,X, 
11254_10.txt,1,X, , , , 
2712_8.txt,1, , , ,X, 
4148_7.txt,1, , , ,X, 
4247_8.txt,1, , , ,X, 
8894_7.txt,1, , , , ,X
6174_8.txt,1, , , ,X, 
2375_7.txt,1, , , ,X, 
7187_7.txt,1, , , , ,X
6981_7.txt,1, , , ,X, 
7596_10.txt,1, , , ,X, 
4853_7.txt,1, , , ,X, 
5778_7.txt,1,X, , , , 
5468_10.txt,1, , , ,X, 
327_10.txt,1, , , ,X, 
10141_8.txt,1, , , ,X, 
227_10.txt,1, , , ,X, 
6824_7.txt,1, , , ,X, 
2736_9.txt,1, , , ,X, 
2472_10.txt,1, , , ,X, 
2169_7.txt,1, , , ,X, 
1884_7.txt,1, , , ,X, 
1416_7.txt,1, , , ,X, 
8431_8.txt,1, , , ,X, 
7382_10.txt,1, , , ,X, 
10748_8.txt,1, , , ,X, 
1334_10.txt,1, , , ,X, 
11321_8.txt,1, , , ,X, 
11828_7.txt,1, , , ,X, 
4940_10.txt,1, , , ,X, 
6108_8.txt,1, , , ,X, 
4636_10.txt,1,X, , , , 
1997_8.txt,1, , , ,X, 
7050_8.txt,1, , , ,X, 
9567_7.txt,1,X, , , , 
6437_7.txt,1, , , ,X, 
5390_7.txt,1, , , ,X, 
4821_8.txt,1, , , ,X, 
251_8.txt,1, , , ,X, 
1999_7.txt,1,X, , , , 
9252_10.txt,1,X, , , , 
2956_7.txt,1, , , , ,X
7127_10.txt,1, , , ,X, 
9133_7.txt,1, , , ,X, 
504_8.txt,1, , , , ,X
12085_10.txt,1, , , ,X, 
1580_8.txt,1, , , , ,X
1912_8.txt,1, , , ,X, 
12185_10.txt,1, , , ,X, 
2446_10.txt,1, , , ,X, 
6705_8.txt,1,X, , , , 
11161_9.txt,1, , , ,X, 
11359_8.txt,1, , , ,X, 
10359_8.txt,1, , , ,X, 
11850_7.txt,1, , , ,X, 
7139_10.txt,1, , , ,X, 
1042_7.txt,1, , , ,X, 
2417_8.txt,1, , , ,X, 
1414_10.txt,1, , , ,X, 
4593_8.txt,1, , , ,X, 
4108_10.txt,1, , , ,X, 
4107_8.txt,1, , , ,X, 
6473_10.txt,1, , , ,X, 
664_9.txt,1, , , ,X, 
2309_10.txt,1, , , , ,X
7044_10.txt,1, , , ,X, 
3941_8.txt,1, , , ,X, 
6791_10.txt,1, , , ,X, 
565_8.txt,1, , ,X, , 
5517_10.txt,1, , , ,X, 
10922_8.txt,1, , , ,X, 
2753_9.txt,1,X, , , , 
225_10.txt,1, , , ,X, 
11235_10.txt,1, , , ,X, 
10053_10.txt,1, , , ,X, 
3147_10.txt,1, , , ,X, 
7632_7.txt,1, , , ,X, 
12427_8.txt,1, , , ,X, 
3054_7.txt,1, , , ,X, 
7441_9.txt,1, , , ,X, 
5772_9.txt,1, , , ,X, 
12341_7.txt,1, , , ,X, 
6111_8.txt,1, , , ,X, 
12436_10.txt,1, , , ,X, 
4110_7.txt,1, , , ,X, 
214_9.txt,1, , , ,X, 
1479_8.txt,1, , ,X, , 
7266_7.txt,1, , , ,X, 
4676_8.txt,1, , , ,X, 
9874_7.txt,1, , , ,X, 
2462_10.txt,1, , , ,X, 
9219_10.txt,1, , , ,X, 
254_10.txt,1, , , ,X, 
3187_8.txt,1, , , ,X, 
3872_10.txt,1, , , ,X, 
8293_7.txt,1, , , ,X, 
12308_10.txt,1, , , ,X, 
4700_10.txt,1, ,X, , , 
4051_10.txt,1, , , ,X, 
5566_10.txt,1, , , ,X, 
2556_8.txt,1, , , ,X, 
1597_7.txt,1, , , ,X, 
9922_8.txt,1, , , ,X, 
11006_8.txt,1, , , ,X, 
3746_7.txt,1, , , ,X, 
6737_10.txt,1, , , ,X, 
10188_10.txt,1,X, , , , 
4361_9.txt,1, , , ,X, 
402_8.txt,1, , , ,X, 
682_9.txt,1, , , ,X, 
665_10.txt,1, , , ,X, 
2447_7.txt,1,X, , , , 
11675_10.txt,1,X, , , , 
4186_10.txt,1, , , ,X, 
11760_7.txt,1, , , ,X, 
10725_7.txt,1, , , ,X, 
7297_8.txt,1, , , ,X, 
2863_8.txt,1, , , ,X, 
11861_9.txt,1, , , , ,X
11716_10.txt,1, , , ,X, 
10321_10.txt,1, , , ,X, 
3791_9.txt,1,X, , , , 
9777_9.txt,1, , , ,X, 
5001_8.txt,1, , , ,X, 
10680_7.txt,1, , , , ,X
9227_8.txt,1, , , , ,X
3714_9.txt,1, , , ,X, 
6045_7.txt,1, , , ,X, 
4385_8.txt,1, , , ,X, 
126_10.txt,1, , , ,X, 
5903_9.txt,1, , , ,X, 
777_10.txt,1, , , ,X, 
1179_7.txt,1, , , ,X, 
2145_8.txt,1, , , ,X, 
8251_7.txt,1, , , ,X, 
10876_7.txt,1,X, , , , 
12343_7.txt,1, , , ,X, 
5026_10.txt,1, , , ,X, 
7257_8.txt,1, , , ,X, 
12064_10.txt,1, , , ,X, 
9624_10.txt,1, , , ,X, 
11679_10.txt,1, , , ,X, 
10753_8.txt,1, , , ,X, 
8213_10.txt,1, , , ,X, 
6675_7.txt,1, , , ,X, 
12286_10.txt,1, , , ,X, 
8342_9.txt,1, , , ,X, 
78_8.txt,1, , , , ,X
508_7.txt,1, , , ,X, 
6360_7.txt,1, , , ,X, 
5962_9.txt,1, , , ,X, 
1582_8.txt,1, , , ,X, 
1910_8.txt,1, , , ,X, 
1097_9.txt,1, , , ,X, 
6288_10.txt,1, , , ,X, 
7259_10.txt,1, , , ,X, 
2491_10.txt,1, , , ,X, 
3668_9.txt,1, , , ,X, 
9824_8.txt,1, , , ,X, 
3336_7.txt,1, , , ,X, 
9712_10.txt,1, , , ,X, 
2380_8.txt,1, , , , ,X
8355_7.txt,1, , , ,X, 
11636_9.txt,1, , , ,X, 
7236_10.txt,1, , , ,X, 
12228_9.txt,1, , , ,X, 
176_9.txt,1, , , ,X, 
11286_8.txt,1, , , ,X, 
8246_8.txt,1, , , ,X, 
487_10.txt,1, , , ,X, 
1029_10.txt,1, , , ,X, 
5866_8.txt,1, , , ,X, 
8382_9.txt,1, , , ,X, 
5392_7.txt,1, , , ,X, 
1486_9.txt,1,X, , , , 
1507_8.txt,1, , , ,X, 
6318_7.txt,1, , , ,X, 
4548_10.txt,1, , , ,X, 
8946_9.txt,1, , , ,X, 
4680_7.txt,1, , , ,X, 
12212_10.txt,1, , , ,X, 
7007_10.txt,1, , , ,X, 
7129_8.txt,1, , , ,X, 
4150_7.txt,1, ,X, , , 
9686_10.txt,1, , , ,X, 
5793_8.txt,1, , , ,X, 
8298_8.txt,1, , , ,X, 
1242_7.txt,1, , , ,X, 
2932_7.txt,1, , , ,X, 
8929_7.txt,1, , , ,X, 
12120_7.txt,1, , , ,X, 
11298_8.txt,1, , , , ,X
1799_9.txt,1,X, , , , 
5371_7.txt,1,X, , , , 
6130_9.txt,1, , , ,X, 
5246_9.txt,1, , , ,X, 
3389_10.txt,1, , , ,X, 
11198_10.txt,1, , , ,X, 
6369_9.txt,1, , , ,X, 
1791_10.txt,1, , , ,X, 
6957_8.txt,1, , , ,X, 
2857_7.txt,1, , , ,X, 
3014_7.txt,1, , , ,X, 
9281_9.txt,1, , , ,X, 
4126_8.txt,1, , , ,X, 
3724_10.txt,1, , , ,X, 
9615_8.txt,1, , , ,X, 
10587_10.txt,1, , , ,X, 
6538_9.txt,1, , , ,X, 
7294_10.txt,1, , , ,X, 
12236_10.txt,1, , , ,X, 
5209_10.txt,1, , , ,X, 
8807_9.txt,1, , , ,X, 
10562_7.txt,1, , , ,X, 
9807_9.txt,1,X, , , , 
10882_9.txt,1,X, , , , 
558_10.txt,1, , , ,X, 
1346_7.txt,1, , , ,X, 
10846_10.txt,1, , , ,X, 
1420_8.txt,1, , , ,X, 
5317_10.txt,1, , , ,X, 
9708_8.txt,1, , , ,X, 
6557_7.txt,1, , , ,X, 
82_10.txt,1, , , ,X, 
4835_10.txt,1, , , ,X, 
9348_10.txt,1, , , ,X, 
3182_9.txt,1, , , ,X, 
10324_8.txt,1,X, , , , 
977_9.txt,1, , , ,X, 
278_10.txt,1, , , ,X, 
7760_10.txt,1, , , ,X, 
8153_10.txt,1, , , ,X, 
11407_7.txt,1, , , ,X, 
2302_8.txt,1, , , ,X, 
7311_8.txt,1, , , ,X, 
2916_7.txt,1, , , ,X, 
6853_8.txt,1, , , ,X, 
10854_10.txt,1, , , ,X, 
10930_7.txt,1, , , ,X, 
7505_9.txt,1, , , ,X, 
1268_8.txt,1,X, , , , 
10440_7.txt,1, , , ,X, 
6678_10.txt,1, , , ,X, 
12351_8.txt,1, , , ,X, 
10696_10.txt,1, , , ,X, 
6605_10.txt,1, , , ,X, 
12015_8.txt,1, , , ,X, 
345_7.txt,1, , , ,X, 
5935_7.txt,1, , , ,X, 
8350_10.txt,1, , , ,X, 
3986_9.txt,1, , , ,X, 
9155_10.txt,1, , , ,X, 
3674_8.txt,1, , , ,X, 
689_7.txt,1, , , ,X, 
9457_9.txt,1, , , ,X, 
2025_9.txt,1, , , ,X, 
11617_8.txt,1, , , ,X, 
1969_10.txt,1, , , ,X, 
483_10.txt,1, , , ,X, 
2112_7.txt,1, , , ,X, 
1869_10.txt,1, , , ,X, 
4686_10.txt,1, , , ,X, 
3530_8.txt,1, , , ,X, 
5006_10.txt,1, , , ,X, 
7356_8.txt,1, , , ,X, 
3985_10.txt,1, , , ,X, 
114_10.txt,1, , , ,X, 
6396_8.txt,1, , , ,X, 
6683_9.txt,1, , , ,X, 
4815_7.txt,1, , , ,X, 
4013_7.txt,1, , , ,X, 
9147_10.txt,1, , , ,X, 
9405_7.txt,1,X, , , , 
663_9.txt,1,X, , , , 
6276_8.txt,1, , , ,X, 
4694_10.txt,1, , , ,X, 
11315_7.txt,1, , , ,X, 
3511_10.txt,1, , , ,X, 
10222_8.txt,1, , , ,X, 
9633_8.txt,1, , , ,X, 
11385_10.txt,1, , , ,X, 
3411_10.txt,1, , , ,X, 
5338_8.txt,1, , , ,X, 
63_10.txt,1, , , ,X, 
946_7.txt,1, , , ,X, 
10329_10.txt,1, , , ,X, 
3529_8.txt,1, , , ,X, 
1953_10.txt,1, , , ,X, 
8792_10.txt,1, , , ,X, 
5380_8.txt,1, ,X, , , 
9956_10.txt,1, , , , ,X
8720_7.txt,1, , , , ,X
10838_8.txt,1, , , ,X, 
8048_7.txt,1, , , ,X, 
2769_10.txt,1, , , ,X, 
9048_7.txt,1, , , ,X, 
2927_9.txt,1, , , ,X, 
1360_7.txt,1, , , ,X, 
1709_7.txt,1, , , ,X, 
2895_7.txt,1, , , ,X, 
12209_9.txt,1, , , ,X, 
4564_10.txt,1, , , ,X, 
7012_9.txt,1, , , ,X, 
2618_10.txt,1, , , ,X, 
9880_8.txt,1, , , ,X, 
7507_8.txt,1, , , ,X, 
895_8.txt,1, , , ,X, 
1922_10.txt,1, , , ,X, 
4463_7.txt,1, , , ,X, 
2239_8.txt,1, , , ,X, 
11633_8.txt,1, , , ,X, 
5340_8.txt,1, , , ,X, 
2706_10.txt,1, , , ,X, 
4221_8.txt,1, , , ,X, 
10103_9.txt,1, , , ,X, 
6112_8.txt,1, , , ,X, 
1402_8.txt,1, , , ,X, 
193_9.txt,1, , , ,X, 
2430_8.txt,1, , , ,X, 
5165_8.txt,1, , , ,X, 
4963_8.txt,1, , , ,X, 
2597_10.txt,1, , , ,X, 
3012_7.txt,1, ,X, , , 
593_10.txt,1, , , ,X, 
10260_10.txt,1, , , ,X, 
2568_8.txt,1, ,X, , , 
5755_8.txt,1, , , ,X, 
4313_10.txt,1, , , ,X, 
2589_10.txt,1, , , ,X, 
9637_8.txt,1, , , ,X, 
5033_7.txt,1,X, , , , 
3669_8.txt,1, , , ,X, 
5085_8.txt,1, , , ,X, 
18_8.txt,1, , , ,X, 
2101_8.txt,1, , , ,X, 
6988_9.txt,1, , , ,X, 
1023_10.txt,1, , , ,X, 
2285_8.txt,1, , , ,X, 
8228_7.txt,1, , , ,X, 
5766_7.txt,1, , , ,X, 
1874_9.txt,1, , , ,X, 
5655_10.txt,1,X, , , , 
8733_9.txt,1, , , ,X, 
7376_8.txt,1,X, , , , 
6711_7.txt,1, , , , ,X
6048_10.txt,1, , , ,X, 
167_10.txt,1, , , ,X, 
1431_7.txt,1, , , ,X, 
5167_10.txt,1, , , ,X, 
4675_8.txt,1, , , ,X, 
3749_8.txt,1, , , ,X, 
12070_8.txt,1, , , ,X, 
320_7.txt,1, , , ,X, 
1920_10.txt,1, , , ,X, 
9730_10.txt,1, , , ,X, 
9696_8.txt,1, , , ,X, 
1357_9.txt,1, , , ,X, 
12496_10.txt,1, , , ,X, 
5876_10.txt,1,X, , , , 
4707_7.txt,1,X, , , , 
11610_10.txt,1, , , ,X, 
10190_10.txt,1, , , ,X, 
11905_10.txt,1, , , ,X, 
5763_10.txt,1,X, , , , 
10973_7.txt,1, , , ,X, 
7948_8.txt,1, ,X, , , 
6333_9.txt,1, , , ,X, 
8448_10.txt,1, , , ,X, 
3510_9.txt,1, , , ,X, 
9162_9.txt,1, , , ,X, 
9921_9.txt,1, , , ,X, 
8484_7.txt,1, , , ,X, 
7591_7.txt,1, , , ,X, 
12355_8.txt,1, , , ,X, 
12400_8.txt,1, , , ,X, 
750_7.txt,1, , , ,X, 
2144_9.txt,1, , , ,X, 
5819_10.txt,1, , , ,X, 
12067_7.txt,1, , , ,X, 
7423_9.txt,1, , , ,X, 
523_9.txt,1, , , ,X, 
566_9.txt,1, , , ,X, 
7706_8.txt,1, , , ,X, 
864_10.txt,1, , , ,X, 
8231_7.txt,1, , , ,X, 
7369_10.txt,1, , , ,X, 
2488_9.txt,1, , , ,X, 
11909_10.txt,1, , , ,X, 
1447_9.txt,1, , , ,X, 
8427_10.txt,1, , , , ,X
7586_9.txt,1, , , ,X, 
3643_7.txt,1,X, , , , 
4316_7.txt,1, , , ,X, 
1375_10.txt,1, , , ,X, 
4386_9.txt,1, , , ,X, 
6543_10.txt,1, , , ,X, 
8747_10.txt,1, , , ,X, 
7499_9.txt,1, , , , ,X
3966_10.txt,1, , , ,X, 
5143_8.txt,1, , , ,X, 
5592_8.txt,1, , , ,X, 
3453_8.txt,1, , , ,X, 
4901_10.txt,1, , , ,X, 
3905_9.txt,1, , , ,X, 
2090_10.txt,1, , , ,X, 
964_7.txt,1, , , ,X, 
3710_10.txt,1, , , ,X, 
9982_8.txt,1, , , ,X, 
7155_9.txt,1, , , ,X, 
5736_8.txt,1, , , ,X, 
5511_10.txt,1, , , ,X, 
11523_7.txt,1, , , ,X, 
6371_10.txt,1, , , ,X, 
7017_10.txt,1,X, , , , 
3878_10.txt,1, , , ,X, 
9179_8.txt,1, , , ,X, 
1681_10.txt,1, , , ,X, 
3909_10.txt,1, , , ,X, 
9784_10.txt,1, , , ,X, 
1054_9.txt,1, , , ,X, 
3367_9.txt,1, , , ,X, 
4063_8.txt,1, , , ,X, 
12072_9.txt,1, , , ,X, 
4157_10.txt,1, , , ,X, 
4606_10.txt,1, , , ,X, 
352_10.txt,1, , , ,X, 
10616_10.txt,1, , , ,X, 
4303_9.txt,1, , , ,X, 
8486_7.txt,1,X, , , , 
10749_8.txt,1, , , , ,X
4976_7.txt,1, , , ,X, 
6263_10.txt,1, , , ,X, 
1621_9.txt,1, , , ,X, 
3557_9.txt,1, , , ,X, 
8167_10.txt,1, , , ,X, 
4858_10.txt,1, , , ,X, 
5985_9.txt,1, , , ,X, 
10589_10.txt,1, , , ,X, 
231_8.txt,1, , , ,X, 
7758_8.txt,1, , , ,X, 
11792_10.txt,1, , , ,X, 
2231_7.txt,1, , , ,X, 
364_10.txt,1, , , ,X, 
175_8.txt,1, , , ,X, 
4533_8.txt,1, , , , ,X
1310_8.txt,1, , , ,X, 
3821_10.txt,1, , , ,X, 
3369_7.txt,1, , , ,X, 
2860_8.txt,1, , , ,X, 
5782_10.txt,1, , , ,X, 
11654_9.txt,1, ,X, , , 
10726_7.txt,1, , , ,X, 
3165_10.txt,1, , , ,X, 
5111_7.txt,1,X, , , , 
6479_10.txt,1, , , ,X, 
8051_10.txt,1, , , ,X, 
8297_10.txt,1,X, , , , 
3816_7.txt,1, , , ,X, 
5961_8.txt,1, , , ,X, 
9726_7.txt,1, , , ,X, 
8864_10.txt,1, ,X, , , 
11366_10.txt,1, , , ,X, 
690_10.txt,1, , , ,X, 
6091_9.txt,1, , , ,X, 
11266_10.txt,1, , , ,X, 
10844_10.txt,1, , , ,X, 
3733_8.txt,1, , , ,X, 
985_10.txt,1, , , ,X, 
9683_7.txt,1, , , ,X, 
10509_8.txt,1, , , ,X, 
444_10.txt,1, , , ,X, 
4031_7.txt,1, , , ,X, 
12083_10.txt,1, , , ,X, 
7121_10.txt,1, , , ,X, 
940_7.txt,1, , , ,X, 
4242_9.txt,1, , , ,X, 
8460_8.txt,1, , , ,X, 
8042_7.txt,1, , , ,X, 
11416_7.txt,1, , , ,X, 
349_10.txt,1, , , ,X, 
9455_10.txt,1, , , ,X, 
2542_9.txt,1, , , ,X, 
12444_10.txt,1, , , ,X, 
7927_10.txt,1, , , , ,X
1279_8.txt,1, , , ,X, 
8114_8.txt,1, , , ,X, 
9781_10.txt,1, , , ,X, 
5565_10.txt,1, , , ,X, 
2595_7.txt,1, , , ,X, 
2402_10.txt,1, , , ,X, 
9191_8.txt,1, , , ,X, 
8170_10.txt,1, , , ,X, 
11700_9.txt,1, , , ,X, 
5569_10.txt,1, , , ,X, 
9521_9.txt,1, , , , ,X
11493_7.txt,1, , , ,X, 
2396_8.txt,1, , , ,X, 
6991_7.txt,1, , , ,X, 
10289_9.txt,1, , , ,X, 
4156_8.txt,1, , , ,X, 
5688_7.txt,1, ,X, , , 
7220_8.txt,1, , , , ,X
11504_10.txt,1,X, , , , 
9208_10.txt,1, , , ,X, 
11559_9.txt,1, , , ,X, 
4531_7.txt,1, , , ,X, 
6548_8.txt,1, ,X, , , 
6770_8.txt,1, , , ,X, 
3116_8.txt,1, , , ,X, 
5273_10.txt,1, , , ,X, 
3623_10.txt,1, , , ,X, 
11557_7.txt,1, , , ,X, 
12186_10.txt,1, , , ,X, 
4739_10.txt,1, , , ,X, 
2538_10.txt,1, , , ,X, 
7626_7.txt,1, , , ,X, 
10629_10.txt,1, ,X, , , 
5931_8.txt,1, , , ,X, 
11785_10.txt,1, , , ,X, 
2426_10.txt,1, , , ,X, 
3111_10.txt,1, , , ,X, 
7527_7.txt,1, , , , ,X
9189_10.txt,1, , , ,X, 
4727_10.txt,1, , , ,X, 
10841_10.txt,1, , , ,X, 
7281_8.txt,1, , , ,X, 
5947_7.txt,1, , , ,X, 
5892_10.txt,1, , , ,X, 
7300_9.txt,1, , , ,X, 
8700_8.txt,1, , , ,X, 
11543_10.txt,1, , , ,X, 
451_8.txt,1, , , ,X, 
4662_8.txt,1, , , ,X, 
2381_7.txt,1, , , ,X, 
9563_10.txt,1, , , ,X, 
4648_10.txt,1, , , ,X, 
4854_8.txt,1,X, , , , 
6530_9.txt,1,X, , , , 
12230_7.txt,1, , , ,X, 
10832_9.txt,1, , , ,X, 
11640_10.txt,1, , , ,X, 
832_7.txt,1, , , ,X, 
10057_8.txt,1, , , ,X, 
8398_7.txt,1, , , ,X, 
4375_9.txt,1, , , ,X, 
6399_10.txt,1, , , ,X, 
2620_9.txt,1, , , ,X, 
6134_7.txt,1, , , ,X, 
11851_8.txt,1, , , ,X, 
597_9.txt,1, , , ,X, 
11057_8.txt,1, , , ,X, 
1309_7.txt,1, , , ,X, 
2879_7.txt,1, , , ,X, 
9702_8.txt,1, , , ,X, 
7270_7.txt,1, , , , ,X
4900_7.txt,1, , , ,X, 
9099_7.txt,1, , , ,X, 
9760_10.txt,1, , , ,X, 
8506_10.txt,1, , , ,X, 
12447_7.txt,1, , , ,X, 
11731_7.txt,1, , , ,X, 
1034_10.txt,1, , , ,X, 
4644_9.txt,1, , , ,X, 
10669_7.txt,1, , , ,X, 
1913_10.txt,1, , , , ,X
12133_7.txt,1, , , ,X, 
818_9.txt,1,X, , , , 
3778_9.txt,1, , , ,X, 
7899_8.txt,1, , , ,X, 
10545_10.txt,1, , , ,X, 
4684_9.txt,1, , , ,X, 
4391_8.txt,1, , , ,X, 
1229_7.txt,1, , , ,X, 
8830_9.txt,1,X, , , , 
10510_7.txt,1, , , ,X, 
2250_8.txt,1, , , ,X, 
6781_7.txt,1, , , ,X, 
10848_9.txt,1, , , ,X, 
3761_8.txt,1, , , ,X, 
12151_10.txt,1, , , ,X, 
12357_7.txt,1, , , , ,X
557_9.txt,1, , , ,X, 
6838_9.txt,1, , , ,X, 
5170_8.txt,1, , , ,X, 
12487_7.txt,1, , , ,X, 
11702_8.txt,1, , , ,X, 
721_10.txt,1, , , ,X, 
5717_10.txt,1, , , ,X, 
12079_10.txt,1, , , ,X, 
12192_7.txt,1, , , ,X, 
1929_10.txt,1, , , ,X, 
2770_10.txt,1, , , ,X, 
2818_10.txt,1, , , ,X, 
6836_7.txt,1, , , ,X, 
12338_8.txt,1, , , ,X, 
10304_7.txt,1, , , ,X, 
9073_8.txt,1, , , ,X, 
9036_8.txt,1, , , ,X, 
8080_7.txt,1,X, , , , 
12426_7.txt,1, , , ,X, 
5605_10.txt,1,X, , , , 
4992_8.txt,1, , , ,X, 
11676_10.txt,1,X, , , , 
785_7.txt,1, , , ,X, 
1701_7.txt,1, , , ,X, 
9429_7.txt,1, , , ,X, 
1395_7.txt,1, , , ,X, 
2129_9.txt,1, , , ,X, 
6027_9.txt,1, , , ,X, 
8261_10.txt,1, , , ,X, 
1939_8.txt,1, , , ,X, 
2905_7.txt,1, , , ,X, 
8252_8.txt,1, , , ,X, 
9820_10.txt,1, , , ,X, 
12218_8.txt,1, , , ,X, 
9119_10.txt,1, , , ,X, 
1492_9.txt,1, , , ,X, 
15_10.txt,1, , , ,X, 
11160_7.txt,1, , , ,X, 
10012_9.txt,1, , , ,X, 
11125_7.txt,1, , , ,X, 
7517_10.txt,1, , , ,X, 
7246_10.txt,1, , , ,X, 
6432_9.txt,1, , , ,X, 
11001_7.txt,1, , , ,X, 
8410_7.txt,1, , , , ,X
11733_10.txt,1, , , ,X, 
8333_8.txt,1, , , ,X, 
5572_7.txt,1, , , ,X, 
494_10.txt,1, , , ,X, 
9388_10.txt,1, , , ,X, 
8626_9.txt,1, , , ,X, 
12033_7.txt,1,X, , , , 
12297_7.txt,1, , , ,X, 
4342_7.txt,1, , , ,X, 
10157_8.txt,1, , , ,X, 
1413_9.txt,1, , , ,X, 
11689_7.txt,1, , , ,X, 
928_10.txt,1, , , ,X, 
8296_8.txt,1, , , ,X, 
5800_7.txt,1, , , ,X, 
7042_8.txt,1, , , ,X, 
9631_7.txt,1, , , ,X, 
9392_9.txt,1,X, , , , 
9969_10.txt,1, , , ,X, 
3560_8.txt,1, , , ,X, 
11957_10.txt,1, , , ,X, 
11084_7.txt,1, , , ,X, 
10032_8.txt,1, , , ,X, 
9423_8.txt,1, , , ,X, 
5824_10.txt,1, , , ,X, 
1667_10.txt,1, , , ,X, 
5996_8.txt,1,X, , , , 
859_8.txt,1, , , , ,X
1391_7.txt,1, , , ,X, 
5817_8.txt,1, , , ,X, 
10948_8.txt,1, , , ,X, 
7362_10.txt,1, , , ,X, 
9237_8.txt,1, , , ,X, 
11946_7.txt,1, , , ,X, 
9975_8.txt,1,X, , , , 
4833_9.txt,1, , , ,X, 
1517_9.txt,1, , , ,X, 
6067_10.txt,1, , , ,X, 
7599_7.txt,1, , , ,X, 
5131_8.txt,1, , , ,X, 
9735_7.txt,1, , , ,X, 
11706_8.txt,1, , , ,X, 
9592_10.txt,1, , , ,X, 
5939_7.txt,1, , , , ,X
8053_8.txt,1, , , ,X, 
2796_7.txt,1, , , ,X, 
8689_10.txt,1, , , ,X, 
10332_10.txt,1, , , ,X, 
10442_8.txt,1, , , ,X, 
2772_10.txt,1, , , ,X, 
899_9.txt,1, , , ,X, 
4323_7.txt,1, , , ,X, 
7816_7.txt,1, , , ,X, 
8871_9.txt,1, , , ,X, 
5762_9.txt,1, , , ,X, 
1104_9.txt,1, , , ,X, 
6414_9.txt,1, , , ,X, 
6886_9.txt,1, , , ,X, 
9884_10.txt,1, , , ,X, 
5232_8.txt,1,X, , , , 
1240_9.txt,1, , , ,X, 
11516_7.txt,1, , , ,X, 
5247_10.txt,1,X, , , , 
3631_7.txt,1, , , , ,X
1990_7.txt,1, , , ,X, 
3717_10.txt,1, , , ,X, 
3258_7.txt,1, , , ,X, 
12205_10.txt,1, , , ,X, 
11249_10.txt,1, , , ,X, 
991_7.txt,1, , , ,X, 
1993_10.txt,1, , , ,X, 
7365_8.txt,1, , , ,X, 
3503_8.txt,1, , , ,X, 
5355_10.txt,1, , , ,X, 
10711_10.txt,1, , , ,X, 
8678_9.txt,1, , , ,X, 
2871_8.txt,1, , , ,X, 
1795_8.txt,1, , , , ,X
6997_10.txt,1, , , ,X, 
6364_10.txt,1, , , ,X, 
5072_9.txt,1, , , ,X, 
12154_7.txt,1, , , ,X, 
8633_7.txt,1, , , ,X, 
7606_10.txt,1, , , ,X, 
1273_7.txt,1, , ,X, , 
7285_9.txt,1, , , ,X, 
385_9.txt,1, , , ,X, 
1236_7.txt,1, , , ,X, 
591_8.txt,1, , , ,X, 
5336_8.txt,1, , , , ,X
8532_7.txt,1, , , ,X, 
5039_7.txt,1, , , ,X, 
12188_10.txt,1, , , ,X, 
4480_10.txt,1, , , ,X, 
1843_9.txt,1, , , ,X, 
11501_8.txt,1, , , ,X, 
5967_7.txt,1, , , ,X, 
11331_8.txt,1, , , ,X, 
4005_10.txt,1, , , ,X, 
3826_10.txt,1, , , ,X, 
9561_10.txt,1, , , , ,X
2296_9.txt,1, , , ,X, 
5607_8.txt,1, , , ,X, 
8912_10.txt,1, , , ,X, 
9387_7.txt,1, , , ,X, 
743_7.txt,1, , , ,X, 
11805_7.txt,1, , , ,X, 
1017_7.txt,1, ,X, , , 
11619_9.txt,1, , , ,X, 
11261_10.txt,1, , , ,X, 
11687_10.txt,1, , , ,X, 
2793_10.txt,1, , , ,X, 
4746_9.txt,1, ,X, , , 
1662_7.txt,1, , , ,X, 
11202_10.txt,1, , , ,X, 
5970_9.txt,1, , , ,X, 
3721_10.txt,1, , , ,X, 
4970_9.txt,1,X, , , , 
3934_10.txt,1, , , ,X, 
615_8.txt,1, , , ,X, 
7715_8.txt,1, , , ,X, 
6036_7.txt,1, , , ,X, 
1629_8.txt,1, , , ,X, 
10584_8.txt,1, , , ,X, 
1008_10.txt,1, , , ,X, 
90_9.txt,1, , , ,X, 
10181_10.txt,1, , , ,X, 
8359_7.txt,1, , , ,X, 
7458_10.txt,1, , , ,X, 
8730_7.txt,1, , , ,X, 
1593_10.txt,1, , , ,X, 
3461_8.txt,1, , , ,X, 
4798_9.txt,1, , , ,X, 
11216_9.txt,1, , , ,X, 
6660_7.txt,1, , , ,X, 
5421_9.txt,1, , , ,X, 
9312_8.txt,1, , , ,X, 
2768_10.txt,1, , , ,X, 
6071_10.txt,1, , , ,X, 
10579_10.txt,1, , , , ,X
10133_8.txt,1, , , ,X, 
6961_9.txt,1, , , ,X, 
4390_8.txt,1, , , ,X, 
5904_10.txt,1, , , ,X, 
12499_10.txt,1, , , ,X, 
2913_8.txt,1, , , ,X, 
3478_9.txt,1, , , ,X, 
2156_10.txt,1, , , , ,X
8133_8.txt,1, , , ,X, 
10201_7.txt,1, , , ,X, 
7919_9.txt,1, , , ,X, 
10908_8.txt,1, , , ,X, 
12495_10.txt,1,X, , , , 
4544_9.txt,1, , , , ,X
6391_7.txt,1, , , ,X, 
9733_10.txt,1, , , ,X, 
8267_10.txt,1, , , , ,X
3716_7.txt,1, , , ,X, 
6618_7.txt,1, , , ,X, 
11994_9.txt,1, , , ,X, 
5459_9.txt,1, , , ,X, 
9945_10.txt,1, , , ,X, 
3598_9.txt,1, , , ,X, 
11396_10.txt,1, , , ,X, 
2764_10.txt,1, , , ,X, 
5208_8.txt,1, , , ,X, 
286_10.txt,1, , , ,X, 
3699_9.txt,1, , , ,X, 
4334_10.txt,1, , , , ,X
11492_10.txt,1, , , ,X, 
3876_9.txt,1, , , ,X, 
4560_9.txt,1, , , ,X, 
1231_7.txt,1, , , ,X, 
8634_7.txt,1, , , ,X, 
4030_8.txt,1, , , ,X, 
8463_10.txt,1, , , ,X, 
1936_7.txt,1, , , ,X, 
7496_8.txt,1, , , ,X, 
12045_10.txt,1, , , ,X, 
10161_7.txt,1, , , ,X, 
6496_8.txt,1, , , ,X, 
262_9.txt,1, , , ,X, 
4600_8.txt,1, , , ,X, 
8336_8.txt,1, , , ,X, 
3022_7.txt,1, , , ,X, 
2594_10.txt,1, , , ,X, 
10340_7.txt,1, , , , ,X
6124_10.txt,1, , , ,X, 
10426_8.txt,1, , , ,X, 
1477_8.txt,1, , , ,X, 
5134_9.txt,1, , , ,X, 
6047_10.txt,1, , , ,X, 
9292_10.txt,1, , , ,X, 
3981_7.txt,1, , , , ,X
4977_9.txt,1, , , ,X, 
230_7.txt,1, , , ,X, 
6147_10.txt,1,X, , , , 
2855_10.txt,1, , , ,X, 
1905_8.txt,1, , , ,X, 
8815_9.txt,1, , , ,X, 
7945_9.txt,1, , , ,X, 
2882_10.txt,1, , , ,X, 
826_8.txt,1,X, , , , 
12335_7.txt,1, , , ,X, 
4674_7.txt,1, , , ,X, 
5674_7.txt,1, , , ,X, 
7905_10.txt,1, , , ,X, 
7805_10.txt,1, , , ,X, 
208_10.txt,1, , , ,X, 
746_7.txt,1, , , ,X, 
2727_9.txt,1, , , ,X, 
9229_8.txt,1, , , ,X, 
10400_9.txt,1, , , ,X, 
2178_7.txt,1, , , ,X, 
4722_8.txt,1, , , ,X, 
216_10.txt,1, , , ,X, 
10539_8.txt,1,X, , , , 
4484_10.txt,1, , , ,X, 
9094_9.txt,1, , , ,X, 
9913_8.txt,1, , , ,X, 
6515_9.txt,1, , , ,X, 
1971_7.txt,1, , , ,X, 
17_8.txt,1, , , ,X, 
8115_8.txt,1, , , ,X, 
10928_10.txt,1, , , ,X, 
4871_8.txt,1, , , ,X, 
3178_10.txt,1, , , ,X, 
7053_10.txt,1, , , ,X, 
5562_9.txt,1, , , ,X, 
10248_9.txt,1, , , ,X, 
4352_9.txt,1, , , ,X, 
850_7.txt,1, , , ,X, 
5929_8.txt,1, , , ,X, 
8052_10.txt,1, , , ,X, 
7061_9.txt,1, , , ,X, 
7761_10.txt,1, , , ,X, 
12225_10.txt,1, , , ,X, 
4602_8.txt,1, , , , ,X
7974_10.txt,1, , , ,X, 
8492_7.txt,1, , , ,X, 
10149_9.txt,1, , , ,X, 
4945_10.txt,1, , , ,X, 
3056_9.txt,1, , , ,X, 
11621_8.txt,1, , , ,X, 
2815_9.txt,1, , , , ,X
3977_10.txt,1, , , ,X, 
8657_7.txt,1, , , ,X, 
9687_10.txt,1, , , ,X, 
4296_9.txt,1,X, , , , 
6203_10.txt,1, , , ,X, 
2642_8.txt,1, , , ,X, 
9892_10.txt,1, , , ,X, 
11941_7.txt,1, , , ,X, 
10699_8.txt,1, , , ,X, 
3607_8.txt,1, , , ,X, 
4527_8.txt,1, , , ,X, 
889_7.txt,1, , , ,X, 
3914_10.txt,1, , , ,X, 
8748_10.txt,1, , , ,X, 
563_10.txt,1, , , ,X, 
11253_10.txt,1, , , , ,X
2247_10.txt,1, , , ,X, 
3296_10.txt,1, , , ,X, 
1715_8.txt,1, , , ,X, 
11323_7.txt,1, , , ,X, 
4046_10.txt,1, , , ,X, 
7177_10.txt,1, , , ,X, 
3818_10.txt,1, , , ,X, 
8996_9.txt,1, , , ,X, 
8203_7.txt,1, , , ,X, 
1315_10.txt,1, , , ,X, 
9210_10.txt,1, , , ,X, 
2096_9.txt,1, , , , ,X
3402_9.txt,1, , , ,X, 
220_10.txt,1, , , ,X, 
7069_10.txt,1, , , ,X, 
5687_9.txt,1, , , , ,X
3042_10.txt,1, , , ,X, 
2332_8.txt,1, , , ,X, 
6554_8.txt,1, , , ,X, 
6279_8.txt,1, , , ,X, 
9391_8.txt,1, , , ,X, 
3085_7.txt,1, , , ,X, 
2264_7.txt,1, , , ,X, 
502_7.txt,1, , , , ,X
7218_9.txt,1, , , ,X, 
2892_10.txt,1, , , ,X, 
11308_10.txt,1, , , ,X, 
8762_10.txt,1, , , ,X, 
9255_10.txt,1,X, , , , 
12134_7.txt,1, , , ,X, 
8945_7.txt,1, , , , ,X
9330_9.txt,1, , , ,X, 
3915_8.txt,1, , , ,X, 
6508_9.txt,1, , , ,X, 
5277_10.txt,1, , , ,X, 
5791_10.txt,1, , , ,X, 
11204_10.txt,1, , , ,X, 
2373_10.txt,1, , , ,X, 
11367_10.txt,1, , , ,X, 
2522_10.txt,1,X, , , , 
4233_8.txt,1, , , ,X, 
11865_7.txt,1, , , ,X, 
7594_8.txt,1, , , ,X, 
10898_7.txt,1, , , ,X, 
9169_9.txt,1, , , ,X, 
7201_8.txt,1,X, , , , 
6201_9.txt,1, , , ,X, 
10705_10.txt,1, , , ,X, 
2477_10.txt,1, , , ,X, 
10585_8.txt,1, , , ,X, 
3804_10.txt,1, , , ,X, 
8015_9.txt,1, , , ,X, 
8660_9.txt,1,X, , , , 
8458_8.txt,1, , , ,X, 
11271_9.txt,1, , , ,X, 
4571_7.txt,1, , , ,X, 
9375_8.txt,1, , , ,X, 
4118_7.txt,1,X, , , , 
1692_10.txt,1, , , ,X, 
2869_8.txt,1,X, , , , 
1987_10.txt,1, , , ,X, 
1927_9.txt,1, , , , ,X
6362_10.txt,1, , , ,X, 
9200_10.txt,1, , , ,X, 
2811_8.txt,1, , , ,X, 
3052_8.txt,1, , , ,X, 
10031_8.txt,1, , , ,X, 
7826_9.txt,1,X, , , , 
8348_8.txt,1, , , ,X, 
10087_7.txt,1, , , ,X, 
6570_8.txt,1,X, , , , 
9890_10.txt,1, , , ,X, 
6041_8.txt,1, , , ,X, 
11500_8.txt,1, , , ,X, 
8754_10.txt,1, , , ,X, 
1995_10.txt,1, , , ,X, 
5604_8.txt,1, , , ,X, 
9494_7.txt,1, , , , ,X
11085_7.txt,1, , , ,X, 
5311_9.txt,1, , , ,X, 
10384_7.txt,1, , , ,X, 
4181_10.txt,1, , , ,X, 
6673_8.txt,1, , , ,X, 
4336_10.txt,1,X, , , , 
11394_10.txt,1, , , ,X, 
284_10.txt,1, , , ,X, 
10326_10.txt,1, , , ,X, 
3108_8.txt,1, , , ,X, 
143_8.txt,1, , , ,X, 
3625_8.txt,1, , , ,X, 
10603_8.txt,1, , , ,X, 
6102_10.txt,1, , , , ,X
7682_10.txt,1, , , ,X, 
757_9.txt,1, , , ,X, 
12157_7.txt,1, , , ,X, 
4479_10.txt,1, , , ,X, 
12497_10.txt,1, , , ,X, 
6417_8.txt,1, , , ,X, 
3978_7.txt,1,X, , , , 
6073_10.txt,1, , , ,X, 
2170_8.txt,1, , , ,X, 
3552_7.txt,1, , , ,X, 
2183_7.txt,1, , , ,X, 
2292_10.txt,1, , , ,X, 
3471_10.txt,1, , , ,X, 
5865_10.txt,1, , , ,X, 
5700_9.txt,1,X, , , , 
7732_9.txt,1, , , , ,X
8377_8.txt,1, , , ,X, 
6110_10.txt,1, , , ,X, 
10808_8.txt,1, ,X, , , 
9384_7.txt,1, , , ,X, 
5957_9.txt,1, , , ,X, 
7310_7.txt,1, , , ,X, 
4444_8.txt,1, , , ,X, 
7817_7.txt,1, , , ,X, 
8033_9.txt,1, , , ,X, 
1459_7.txt,1, , , ,X, 
3841_7.txt,1, , , ,X, 
2135_9.txt,1, ,X, , , 
5186_7.txt,1, , , ,X, 
799_7.txt,1,X, , , , 
552_9.txt,1,X, , , , 
10092_8.txt,1, , , ,X, 
7286_8.txt,1, , , ,X, 
6189_7.txt,1, , , ,X, 
9406_8.txt,1, , , ,X, 
10017_8.txt,1, , , ,X, 
9719_10.txt,1, , , ,X, 
456_8.txt,1, , , ,X, 
4620_8.txt,1, , , ,X, 
10980_10.txt,1, , , ,X, 
5754_10.txt,1, , , ,X, 
169_7.txt,1, , , ,X, 
3500_8.txt,1, , , ,X, 
9273_8.txt,1, , , ,X, 
480_10.txt,1, , , ,X, 
6701_7.txt,1, , , ,X, 
5785_8.txt,1,X, , , , 
6022_8.txt,1, , , ,X, 
10835_9.txt,1, , , ,X, 
12281_8.txt,1, , , ,X, 
7094_7.txt,1, , , ,X, 
8974_8.txt,1, , , ,X, 
9487_1.txt,0, , , ,X, 
11447_1.txt,0,X, , , , 
10131_3.txt,0,X, , , , 
6165_2.txt,0, , , ,X, 
9565_3.txt,0, , , ,X, 
5129_4.txt,0, , , ,X, 
12345_4.txt,0, , , ,X, 
11746_1.txt,0, , , ,X, 
12453_2.txt,0, , , ,X, 
9149_3.txt,0, , , ,X, 
11377_4.txt,0, , , ,X, 
7958_4.txt,0, , , ,X, 
5977_1.txt,0, , , ,X, 
9485_3.txt,0, , , , ,X
11115_2.txt,0,X, , , , 
5272_3.txt,0, , , ,X, 
10368_3.txt,0, , , ,X, 
5091_1.txt,0, , , ,X, 
1263_1.txt,0, , , ,X, 
428_3.txt,0, , , ,X, 
7078_2.txt,0, , , ,X, 
3426_3.txt,0, , , ,X, 
4136_3.txt,0, , , ,X, 
8970_1.txt,0, , , ,X, 
11567_1.txt,0, , , ,X, 
10054_3.txt,0, , , , ,X
10229_2.txt,0, , , ,X, 
8502_4.txt,0, , , ,X, 
69_4.txt,0, , , ,X, 
7753_4.txt,0, , , ,X, 
3933_4.txt,0, , , ,X, 
6878_4.txt,0, , , ,X, 
5857_1.txt,0, , , ,X, 
7985_1.txt,0, , , ,X, 
7517_1.txt,0, , , ,X, 
4560_1.txt,0, , , ,X, 
11621_3.txt,0, , , ,X, 
3070_1.txt,0, , , ,X, 
10723_4.txt,0, , , ,X, 
7408_3.txt,0, , , ,X, 
2718_1.txt,0, , , ,X, 
2404_4.txt,0, ,X, , , 
6325_3.txt,0, , , ,X, 
6589_2.txt,0, , , ,X, 
9397_1.txt,0, , , ,X, 
225_3.txt,0, , , ,X, 
11334_2.txt,0, , , ,X, 
11371_3.txt,0, , , ,X, 
8662_4.txt,0, , , ,X, 
7797_1.txt,0, , , ,X, 
11273_4.txt,0, , , ,X, 
2248_1.txt,0, , , ,X, 
4991_3.txt,0, , , ,X, 
11699_2.txt,0, , , ,X, 
2598_1.txt,0, , , ,X, 
11192_1.txt,0, , , ,X, 
7697_4.txt,0, , , ,X, 
6139_2.txt,0, , , ,X, 
5269_1.txt,0, , , ,X, 
3420_4.txt,0, , , ,X, 
11037_1.txt,0, , , ,X, 
6238_2.txt,0, , , ,X, 
2764_4.txt,0, , , ,X, 
1880_4.txt,0, , , ,X, 
10831_1.txt,0, , , ,X, 
4168_1.txt,0, , , ,X, 
1066_1.txt,0, , , ,X, 
8115_3.txt,0, , , ,X, 
2355_1.txt,0, , , ,X, 
433_1.txt,0, , , ,X, 
9115_3.txt,0, , , ,X, 
11353_4.txt,0, , , ,X, 
1715_2.txt,0, , , ,X, 
839_4.txt,0,X, , , , 
5173_2.txt,0,X, , , , 
10727_1.txt,0, , , , ,X
10395_2.txt,0, , , ,X, 
5211_1.txt,0, , , ,X, 
2762_2.txt,0, , , ,X, 
11913_3.txt,0, , , ,X, 
1805_4.txt,0, , , ,X, 
9831_1.txt,0, , , ,X, 
6454_3.txt,0, , , ,X, 
10949_4.txt,0, , , ,X, 
12160_1.txt,0, , , ,X, 
10216_1.txt,0, , , ,X, 
6839_1.txt,0, , , ,X, 
12103_2.txt,0, , , ,X, 
8642_1.txt,0, , , ,X, 
11949_4.txt,0, , , ,X, 
3447_3.txt,0, , , ,X, 
8334_3.txt,0,X, , , , 
3131_1.txt,0, , , ,X, 
7963_3.txt,0, , , ,X, 
924_4.txt,0, , , ,X, 
187_1.txt,0, , , ,X, 
981_1.txt,0, , , ,X, 
1358_3.txt,0, , , ,X, 
5743_2.txt,0, , , ,X, 
9931_4.txt,0,X, , , , 
10738_4.txt,0, , , ,X, 
7881_3.txt,0, , , ,X, 
6185_4.txt,0, , , ,X, 
7648_1.txt,0, , , ,X, 
1940_3.txt,0,X, , , , 
11481_4.txt,0,X, , , , 
9994_3.txt,0, , , ,X, 
10813_4.txt,0, , , ,X, 
845_2.txt,0, , , ,X, 
6279_4.txt,0, , , ,X, 
6284_4.txt,0, , , ,X, 
9371_1.txt,0, , , ,X, 
28_3.txt,0,X, , , , 
8357_2.txt,0, , , ,X, 
12475_2.txt,0, , , ,X, 
2424_2.txt,0,X, , , , 
9874_3.txt,0, , , ,X, 
4704_2.txt,0, , , ,X, 
9229_1.txt,0, , , ,X, 
10913_1.txt,0, , , ,X, 
3581_2.txt,0, , , ,X, 
10762_3.txt,0, , , ,X, 
11660_4.txt,0, , , ,X, 
1694_1.txt,0, , , ,X, 
3133_1.txt,0, , , ,X, 
9128_1.txt,0, , , ,X, 
12339_3.txt,0, , , ,X, 
11190_1.txt,0, , , ,X, 
4600_3.txt,0, , , ,X, 
574_4.txt,0, , , ,X, 
2212_4.txt,0,X, , , , 
7768_1.txt,0, , , ,X, 
12206_4.txt,0,X, , , , 
6865_2.txt,0, , , ,X, 
12184_2.txt,0, , , , ,X
8680_1.txt,0, , , ,X, 
5544_3.txt,0, , , ,X, 
10908_2.txt,0, , , ,X, 
6531_1.txt,0, , , ,X, 
9481_4.txt,0, , , ,X, 
1980_3.txt,0, , , ,X, 
8738_4.txt,0, , , ,X, 
1398_1.txt,0, , , ,X, 
9461_1.txt,0,X, , , , 
6688_1.txt,0, , , ,X, 
9738_4.txt,0, , , ,X, 
904_3.txt,0, , , ,X, 
6616_2.txt,0, , , ,X, 
11028_4.txt,0, , , ,X, 
8725_1.txt,0, , , ,X, 
203_3.txt,0, , , , ,X
11786_2.txt,0, , , ,X, 
4016_1.txt,0, , , ,X, 
9644_4.txt,0, , , , ,X
2994_1.txt,0, , , ,X, 
8189_1.txt,0,X, , , , 
8402_3.txt,0, , , ,X, 
5848_4.txt,0, , , ,X, 
3621_2.txt,0, , , ,X, 
9583_2.txt,0, , , ,X, 
2334_3.txt,0, , , ,X, 
9131_1.txt,0, , , ,X, 
4726_4.txt,0, , , ,X, 
7225_4.txt,0, , , ,X, 
4562_1.txt,0, , , ,X, 
1018_4.txt,0,X, , , , 
10764_4.txt,0,X, , , , 
11889_2.txt,0, , , ,X, 
11666_3.txt,0,X, , , , 
10889_2.txt,0, , , ,X, 
8375_4.txt,0, , , ,X, 
5252_4.txt,0, , , ,X, 
3336_1.txt,0, , , ,X, 
1491_1.txt,0, , , ,X, 
709_4.txt,0, , , ,X, 
6223_2.txt,0, , , ,X, 
11330_4.txt,0, , , ,X, 
2892_2.txt,0, , , ,X, 
7858_3.txt,0,X, , , , 
4507_4.txt,0, , , ,X, 
1038_1.txt,0, , , ,X, 
771_4.txt,0, , , ,X, 
7141_1.txt,0, , , ,X, 
6104_1.txt,0,X, , , , 
5029_3.txt,0, , , ,X, 
4988_1.txt,0, , , ,X, 
7472_3.txt,0, , , ,X, 
8011_1.txt,0, , , ,X, 
11759_4.txt,0, , , ,X, 
7791_4.txt,0, , , ,X, 
4798_2.txt,0, , , , ,X
1717_3.txt,0, , , ,X, 
11397_3.txt,0, , , ,X, 
3117_1.txt,0, , , ,X, 
5619_3.txt,0, , , ,X, 
1551_4.txt,0, , , ,X, 
2627_4.txt,0, , , ,X, 
11500_4.txt,0,X, , , , 
6456_2.txt,0, , , ,X, 
10402_3.txt,0,X, , , , 
863_4.txt,0, , , ,X, 
6926_4.txt,0, , , ,X, 
9404_1.txt,0, , , ,X, 
9833_4.txt,0, , , ,X, 
1062_2.txt,0, , , ,X, 
11424_4.txt,0, , , ,X, 
10377_2.txt,0, , , ,X, 
1899_2.txt,0, , , ,X, 
9723_2.txt,0, , , ,X, 
11780_1.txt,0, , , ,X, 
5914_4.txt,0, , , ,X, 
1468_1.txt,0, , , ,X, 
1300_1.txt,0, , , ,X, 
2870_1.txt,0, , , ,X, 
11725_4.txt,0, , , , ,X
7284_1.txt,0, , , ,X, 
4540_2.txt,0, , , ,X, 
1575_1.txt,0, , , ,X, 
4148_3.txt,0, , , ,X, 
8135_1.txt,0, , , ,X, 
2928_1.txt,0, , , ,X, 
7411_4.txt,0, , , ,X, 
3330_3.txt,0, , , ,X, 
8170_1.txt,0, , , ,X, 
185_4.txt,0, , , ,X, 
11638_4.txt,0, , , ,X, 
9291_4.txt,0, , , ,X, 
8707_3.txt,0, , , ,X, 
5814_1.txt,0, , , ,X, 
2970_4.txt,0,X, , , , 
9234_1.txt,0, , , ,X, 
8257_2.txt,0, , , ,X, 
712_3.txt,0, , , ,X, 
100_4.txt,0, , , ,X, 
1412_3.txt,0, , , ,X, 
1107_2.txt,0, , , ,X, 
10443_3.txt,0, , , ,X, 
9956_4.txt,0, , , ,X, 
5973_3.txt,0, , , ,X, 
3567_4.txt,0, , , ,X, 
10271_1.txt,0, , , ,X, 
4871_4.txt,0,X, , , , 
1548_1.txt,0, , , , ,X
569_4.txt,0, , , , ,X
8316_3.txt,0, , , ,X, 
2348_3.txt,0, , , ,X, 
6469_4.txt,0, , , ,X, 
3578_3.txt,0, , , ,X, 
359_4.txt,0, , , ,X, 
9526_3.txt,0, , , ,X, 
11931_3.txt,0,X, , , , 
1749_4.txt,0, , , ,X, 
2391_2.txt,0, , , ,X, 
1378_1.txt,0, , , ,X, 
4647_4.txt,0, , , ,X, 
3808_1.txt,0, , , ,X, 
3684_3.txt,0, , , ,X, 
8813_1.txt,0, , , ,X, 
4114_2.txt,0,X, , , , 
7589_4.txt,0, , , ,X, 
3441_2.txt,0, , , ,X, 
10371_4.txt,0, , , ,X, 
11766_2.txt,0, , , ,X, 
5095_3.txt,0, , , ,X, 
11419_4.txt,0, , , ,X, 
5546_4.txt,0, , , ,X, 
1267_3.txt,0, , , ,X, 
11391_1.txt,0, , , ,X, 
12455_2.txt,0, , , ,X, 
10766_3.txt,0, , , ,X, 
7732_2.txt,0, , , ,X, 
5444_2.txt,0, , , ,X, 
10598_4.txt,0, , , ,X, 
7325_4.txt,0,X, , , , 
8174_4.txt,0, , , ,X, 
76_4.txt,0, , , ,X, 
4700_2.txt,0, , , ,X, 
9194_1.txt,0, , , ,X, 
865_3.txt,0, , , ,X, 
1473_3.txt,0, , , ,X, 
9563_2.txt,0, , , ,X, 
1206_3.txt,0, , , ,X, 
11498_1.txt,0, , , ,X, 
10355_4.txt,0, , , , ,X
9458_1.txt,0, , , ,X, 
2271_3.txt,0, , , ,X, 
5761_3.txt,0, , , ,X, 
6181_4.txt,0, , , ,X, 
9872_1.txt,0, , , ,X, 
8031_1.txt,0, , , ,X, 
9355_4.txt,0, , , ,X, 
1750_4.txt,0,X, , , , 
3463_4.txt,0, , , ,X, 
11316_2.txt,0, , , ,X, 
10892_4.txt,0, , , ,X, 
2353_1.txt,0, , , ,X, 
6043_3.txt,0, , , ,X, 
7218_1.txt,0, , , ,X, 
5093_4.txt,0, , , ,X, 
3050_3.txt,0, , , ,X, 
1138_1.txt,0, , , ,X, 
11662_2.txt,0, , , ,X, 
2500_2.txt,0, , , ,X, 
6572_3.txt,0, , , ,X, 
5706_4.txt,0, , , ,X, 
8422_3.txt,0,X, , , , 
1514_1.txt,0, , , ,X, 
590_1.txt,0, , , ,X, 
5337_3.txt,0, , , ,X, 
11545_3.txt,0,X, , , , 
8815_4.txt,0, , , ,X, 
4977_4.txt,0, , , ,X, 
3461_4.txt,0, , , ,X, 
11644_3.txt,0, , , ,X, 
7636_1.txt,0, , , ,X, 
11703_4.txt,0, , , ,X, 
9028_2.txt,0, , , ,X, 
5643_3.txt,0, , , ,X, 
3214_4.txt,0, , , , ,X
958_4.txt,0, , , ,X, 
2393_3.txt,0, , , ,X, 
2742_3.txt,0, , , ,X, 
1649_2.txt,0, , , ,X, 
6967_3.txt,0,X, , , , 
8133_4.txt,0, , , ,X, 
978_1.txt,0, , , ,X, 
3092_3.txt,0, , , ,X, 
4910_3.txt,0, , , ,X, 
7775_2.txt,0,X, , , , 
3989_3.txt,0, , , ,X, 
1436_1.txt,0, , , ,X, 
10013_4.txt,0,X, , , , 
9870_1.txt,0, , , ,X, 
11422_1.txt,0, , , ,X, 
1105_3.txt,0, , , ,X, 
11210_3.txt,0, , , ,X, 
11740_2.txt,0, , , ,X, 
6653_4.txt,0, , , ,X, 
469_2.txt,0, , , ,X, 
6998_1.txt,0,X, , , , 
3974_3.txt,0, , , ,X, 
5893_1.txt,0, , , ,X, 
614_2.txt,0, , , ,X, 
8169_2.txt,0,X, , , , 
697_4.txt,0, , , ,X, 
4745_1.txt,0, , , ,X, 
4459_4.txt,0,X, , , , 
3598_4.txt,0, , , ,X, 
7100_3.txt,0, , , ,X, 
5331_4.txt,0,X, , , , 
5446_3.txt,0,X, , , , 
2420_1.txt,0,X, , , , 
6919_4.txt,0, , , ,X, 
8811_1.txt,0, , , ,X, 
8426_4.txt,0, , , ,X, 
7147_1.txt,0, , , ,X, 
10933_3.txt,0, , , ,X, 
7904_1.txt,0, , , ,X, 
6286_1.txt,0, , , ,X, 
8393_1.txt,0, , , ,X, 
10316_1.txt,0, , , ,X, 
6266_4.txt,0, , , ,X, 
4249_1.txt,0, , , ,X, 
4698_1.txt,0, , , ,X, 
4579_4.txt,0, , , ,X, 
1060_2.txt,0, , , ,X, 
1258_3.txt,0, , , ,X, 
9135_3.txt,0, , , ,X, 
4787_3.txt,0, , , ,X, 
861_4.txt,0, , , ,X, 
5787_3.txt,0, , , ,X, 
5356_3.txt,0, , , ,X, 
3744_4.txt,0, , , ,X, 
12239_1.txt,0, , , ,X, 
11216_4.txt,0, , , ,X, 
9585_2.txt,0,X, , , , 
3332_3.txt,0,X, , , , 
6087_4.txt,0,X, , , , 
7847_2.txt,0, , , ,X, 
6824_1.txt,0, , , ,X, 
11015_3.txt,0, , , ,X, 
9896_3.txt,0, , , ,X, 
6575_1.txt,0,X, , , , 
9051_4.txt,0,X, , , , 
9308_1.txt,0,X, , , , 
4625_2.txt,0, , , ,X, 
3335_2.txt,0, , , ,X, 
4330_3.txt,0, , , ,X, 
789_1.txt,0, , , ,X, 
8097_2.txt,0, , , ,X, 
6942_4.txt,0, , , ,X, 
940_3.txt,0, , , ,X, 
9829_2.txt,0, , , ,X, 
4872_3.txt,0, , , ,X, 
9724_1.txt,0, , , ,X, 
9438_4.txt,0, , , , ,X
11997_1.txt,0, , , ,X, 
1022_3.txt,0, , , ,X, 
3479_3.txt,0,X, , , , 
10073_3.txt,0, , , ,X, 
2914_4.txt,0, , , ,X, 
3010_3.txt,0, , , ,X, 
2816_3.txt,0, , , ,X, 
7918_3.txt,0, , , ,X, 
3523_1.txt,0, , , ,X, 
5050_2.txt,0, , , ,X, 
1198_4.txt,0, , , ,X, 
9763_3.txt,0, , , ,X, 
5033_1.txt,0, , , ,X, 
8977_4.txt,0, , , ,X, 
2929_4.txt,0, , , ,X, 
3681_2.txt,0, , , ,X, 
1688_4.txt,0,X, , , , 
10580_1.txt,0, , , ,X, 
3745_3.txt,0, , , ,X, 
7827_4.txt,0, , , ,X, 
121_4.txt,0, , , ,X, 
611_1.txt,0, , , ,X, 
4896_2.txt,0, , , ,X, 
7099_4.txt,0, , , ,X, 
9129_1.txt,0, , , ,X, 
9270_4.txt,0, , , ,X, 
4850_4.txt,0,X, , , , 
3991_4.txt,0, , , ,X, 
1843_4.txt,0, , , ,X, 
10425_1.txt,0, , , ,X, 
3009_2.txt,0, , , ,X, 
10446_2.txt,0, , , ,X, 
8832_1.txt,0,X, , , , 
5623_4.txt,0, , , ,X, 
4049_3.txt,0, , , , ,X
7962_1.txt,0, , , ,X, 
10955_3.txt,0, , , ,X, 
6927_1.txt,0,X, , , , 
4686_1.txt,0, , , ,X, 
4257_1.txt,0, , , ,X, 
6121_1.txt,0, , , ,X, 
9029_4.txt,0, , , ,X, 
11396_2.txt,0,X, , , , 
3936_3.txt,0, , , ,X, 
11009_1.txt,0, , , ,X, 
792_2.txt,0, , , ,X, 
5135_2.txt,0, , , ,X, 
12359_3.txt,0,X, , , , 
8685_4.txt,0, , , ,X, 
10973_1.txt,0, , , ,X, 
12489_3.txt,0, , , ,X, 
5393_1.txt,0,X, , , , 
9486_3.txt,0, , , ,X, 
8249_1.txt,0, , , ,X, 
1238_4.txt,0, , , ,X, 
10289_1.txt,0, , , ,X, 
3683_1.txt,0, , , ,X, 
1922_1.txt,0,X, , , , 
10233_3.txt,0,X, , , , 
4137_1.txt,0, , , ,X, 
6118_4.txt,0, , , , ,X
9311_1.txt,0,X, , , , 
728_1.txt,0, , , ,X, 
6473_3.txt,0, , , ,X, 
1673_3.txt,0, , , ,X, 
12004_2.txt,0, , , ,X, 
8088_4.txt,0, , , ,X, 
4583_4.txt,0, , , ,X, 
999_3.txt,0,X, , , , 
409_4.txt,0, , , ,X, 
339_1.txt,0, , , ,X, 
4439_3.txt,0, , , ,X, 
5662_1.txt,0,X, , , , 
11254_4.txt,0, , , ,X, 
1612_2.txt,0, , , ,X, 
3877_3.txt,0, , , ,X, 
3148_2.txt,0,X, , , , 
1902_4.txt,0, , , ,X, 
6080_4.txt,0, , , ,X, 
6516_1.txt,0, , , ,X, 
7182_1.txt,0, , , ,X, 
884_1.txt,0, , , ,X, 
11466_4.txt,0,X, , , , 
1535_3.txt,0, , , ,X, 
7162_4.txt,0,X, , , , 
3328_4.txt,0, , , ,X, 
3071_1.txt,0,X, , , , 
3851_2.txt,0, , , ,X, 
9761_2.txt,0, , , ,X, 
3193_3.txt,0, , , ,X, 
6324_3.txt,0, , , ,X, 
224_3.txt,0, , , ,X, 
5725_4.txt,0, , , ,X, 
4780_1.txt,0, , , ,X, 
8401_3.txt,0, , , ,X, 
4314_1.txt,0, , , ,X, 
6821_1.txt,0, , , ,X, 
11157_4.txt,0, , , ,X, 
11951_4.txt,0, , , ,X, 
9893_3.txt,0, , , ,X, 
8546_4.txt,0, , , , ,X
1511_2.txt,0, , , ,X, 
617_4.txt,0,X, , , , 
11290_2.txt,0, , , ,X, 
4813_1.txt,0, , , ,X, 
4481_1.txt,0, , , ,X, 
2191_1.txt,0, , , ,X, 
3233_2.txt,0, , , ,X, 
1163_1.txt,0, , , ,X, 
8540_2.txt,0, , , ,X, 
11132_1.txt,0, , , ,X, 
7737_1.txt,0, , , ,X, 
9909_1.txt,0, , , ,X, 
429_3.txt,0, , , ,X, 
4329_1.txt,0, , , ,X, 
2525_4.txt,0, , , ,X, 
6241_3.txt,0, , , ,X, 
1820_4.txt,0, , , ,X, 
7901_1.txt,0, , , ,X, 
4234_1.txt,0, , , ,X, 
12301_4.txt,0, , , ,X, 
3051_4.txt,0, , , ,X, 
4894_3.txt,0, , , ,X, 
10559_3.txt,0, , , ,X, 
3582_3.txt,0, , , ,X, 
3891_2.txt,0, , , ,X, 
5170_1.txt,0, , , ,X, 
4976_1.txt,0, , , ,X, 
3501_4.txt,0, , , ,X, 
938_1.txt,0, , , ,X, 
3116_2.txt,0, , , ,X, 
9237_4.txt,0, , , ,X, 
6713_1.txt,0, , , ,X, 
635_2.txt,0, , , ,X, 
3973_1.txt,0, , , ,X, 
11188_2.txt,0, , , , ,X
7121_3.txt,0, , , ,X, 
6066_4.txt,0, , , , ,X
3645_4.txt,0, , , ,X, 
166_4.txt,0, , , ,X, 
4478_4.txt,0, , , ,X, 
1147_1.txt,0, , , ,X, 
1569_3.txt,0, , , ,X, 
9505_3.txt,0, , , ,X, 
4236_2.txt,0, , , ,X, 
12022_2.txt,0, , , ,X, 
8215_3.txt,0, , , ,X, 
2484_1.txt,0, , , ,X, 
10010_2.txt,0, , , ,X, 
1983_3.txt,0, , , ,X, 
9053_4.txt,0, , , ,X, 
1861_1.txt,0, , , ,X, 
6588_3.txt,0, , , ,X, 
5368_4.txt,0, , , ,X, 
4052_2.txt,0, , , ,X, 
11237_4.txt,0, , , ,X, 
2521_1.txt,0, , , ,X, 
1364_3.txt,0,X, , , , 
2249_1.txt,0, , , ,X, 
11418_3.txt,0, , , ,X, 
6805_1.txt,0, , , ,X, 
5375_1.txt,0, , , ,X, 
8582_1.txt,0, , , ,X, 
1167_4.txt,0, , , ,X, 
4849_3.txt,0, , , ,X, 
3988_3.txt,0, , , ,X, 
11916_3.txt,0, , , ,X, 
5232_2.txt,0, , , ,X, 
7516_4.txt,0, , , , ,X
5209_4.txt,0, , , ,X, 
9294_3.txt,0, , , ,X, 
12020_4.txt,0, , , ,X, 
7750_3.txt,0, , , ,X, 
8829_4.txt,0, , , ,X, 
8525_2.txt,0, , , ,X, 
4008_1.txt,0,X, , , , 
7062_4.txt,0,X, , , , 
5351_4.txt,0, , , ,X, 
10977_2.txt,0, , , ,X, 
2129_4.txt,0, , , ,X, 
5911_3.txt,0, , , ,X, 
226_4.txt,0, , , , ,X
5813_4.txt,0,X, , , , 
1552_1.txt,0, , , ,X, 
11934_4.txt,0, , , ,X, 
7801_1.txt,0, , , ,X, 
8157_1.txt,0, , , ,X, 
7436_4.txt,0, , , ,X, 
11389_3.txt,0,X, , , , 
10991_1.txt,0, , , ,X, 
5607_3.txt,0, , , ,X, 
959_4.txt,0, , , ,X, 
10374_3.txt,0, , , ,X, 
5035_1.txt,0, , , ,X, 
2639_4.txt,0, , , ,X, 
3482_3.txt,0, , , ,X, 
2912_4.txt,0, , , ,X, 
6670_3.txt,0, , , ,X, 
11296_1.txt,0, , , ,X, 
6772_4.txt,0,X, , , , 
770_3.txt,0, , , ,X, 
3626_3.txt,0,X, , , , 
1417_4.txt,0, , , ,X, 
8405_2.txt,0,X, , , , 
410_2.txt,0, , , ,X, 
11501_3.txt,0, , , , ,X
11739_2.txt,0, , , ,X, 
2333_2.txt,0, , , ,X, 
10739_2.txt,0, , , , ,X
11376_1.txt,0, , , ,X, 
6692_4.txt,0, , , ,X, 
8787_4.txt,0, , , , ,X
9211_3.txt,0,X, , , , 
10600_3.txt,0, , , ,X, 
10438_3.txt,0, , , ,X, 
5465_4.txt,0, , , ,X, 
2269_1.txt,0,X, , , , 
6654_3.txt,0, , , ,X, 
4420_4.txt,0, , , ,X, 
4465_4.txt,0, , , ,X, 
1632_1.txt,0, , , ,X, 
9606_4.txt,0, , , ,X, 
9292_4.txt,0, , , ,X, 
7838_4.txt,0, , , ,X, 
1000_3.txt,0, , , ,X, 
2559_4.txt,0, , , ,X, 
9678_2.txt,0, , , ,X, 
4336_2.txt,0, , , ,X, 
1550_2.txt,0, , , ,X, 
4908_3.txt,0, , , ,X, 
5192_2.txt,0, , , ,X, 
387_1.txt,0, , , ,X, 
12047_2.txt,0, , , ,X, 
5111_4.txt,0, , , ,X, 
4621_1.txt,0, , , ,X, 
4642_2.txt,0, , , ,X, 
9171_3.txt,0, , , ,X, 
5210_4.txt,0, , , ,X, 
1531_3.txt,0, , , ,X, 
7166_4.txt,0, , , ,X, 
3394_4.txt,0, , , ,X, 
5786_3.txt,0, , , ,X, 
9848_4.txt,0, , , ,X, 
11743_1.txt,0, , , ,X, 
8783_1.txt,0, , , ,X, 
8763_4.txt,0, , , ,X, 
3895_2.txt,0, , , ,X, 
10372_4.txt,0, , , ,X, 
5703_3.txt,0, , , ,X, 
8075_2.txt,0, , , ,X, 
4601_4.txt,0, , , ,X, 
8482_1.txt,0, , , ,X, 
6923_2.txt,0, , , ,X, 
6940_1.txt,0, , , ,X, 
676_1.txt,0, , , ,X, 
8252_4.txt,0, , , ,X, 
12104_1.txt,0, , , ,X, 
696_4.txt,0, , , ,X, 
2254_1.txt,0,X, , , , 
6414_2.txt,0, , , ,X, 
9857_3.txt,0, , , ,X, 
10678_2.txt,0, , , ,X, 
6497_4.txt,0, , , ,X, 
7101_3.txt,0, , , ,X, 
7942_3.txt,0, , , ,X, 
10173_1.txt,0, , , ,X, 
842_1.txt,0, , , ,X, 
5251_2.txt,0, , , ,X, 
5744_3.txt,0, , , ,X, 
488_4.txt,0, , , ,X, 
9663_3.txt,0, , , ,X, 
2466_1.txt,0, , , ,X, 
300_1.txt,0, , , ,X, 
5094_3.txt,0, , , ,X, 
2814_4.txt,0, , , ,X, 
11977_1.txt,0, , , ,X, 
1413_3.txt,0, , , ,X, 
11932_1.txt,0, , , ,X, 
9957_4.txt,0, , , ,X, 
5760_2.txt,0, , , ,X, 
12470_3.txt,0, , , ,X, 
568_4.txt,0, , , ,X, 
11392_3.txt,0,X, , , , 
11053_3.txt,0,X, , , , 
1574_1.txt,0, , , ,X, 
11912_4.txt,0, , , ,X, 
11197_2.txt,0, , , ,X, 
9228_4.txt,0,X, , , , 
1978_2.txt,0, , , ,X, 
285_4.txt,0, , , ,X, 
1797_3.txt,0, , , ,X, 
5212_4.txt,0, , , ,X, 
3294_3.txt,0,X, , , , 
8440_1.txt,0, , , ,X, 
1026_2.txt,0, , , ,X, 
12280_3.txt,0,X, , , , 
9930_3.txt,0, , , ,X, 
10350_1.txt,0, , , ,X, 
1775_4.txt,0, , , ,X, 
8029_1.txt,0, , , ,X, 
2955_4.txt,0, , , ,X, 
1362_3.txt,0,X, , , , 
4072_1.txt,0, , , ,X, 
10231_4.txt,0, , , ,X, 
2544_2.txt,0, , , ,X, 
8620_4.txt,0, , , ,X, 
11168_1.txt,0, , , ,X, 
5072_1.txt,0, , , ,X, 
3168_2.txt,0, , , ,X, 
2683_4.txt,0,X, , , , 
534_4.txt,0,X, , , , 
2350_3.txt,0, , , ,X, 
4707_4.txt,0, , , ,X, 
946_1.txt,0, , , ,X, 
6613_2.txt,0, , , ,X, 
6343_3.txt,0, , , , ,X
1616_3.txt,0, , , ,X, 
7186_2.txt,0, , , ,X, 
6534_1.txt,0, , , ,X, 
2331_2.txt,0, , , ,X, 
319_1.txt,0, , , ,X, 
7140_4.txt,0,X, , , , 
12303_1.txt,0, , , ,X, 
6140_4.txt,0, , , ,X, 
10479_4.txt,0, , , ,X, 
3134_3.txt,0, , , ,X, 
10706_2.txt,0, , , ,X, 
11785_4.txt,0, , , ,X, 
979_3.txt,0, , , ,X, 
7879_3.txt,0, , , ,X, 
10785_4.txt,0, , , ,X, 
8095_4.txt,0, , , ,X, 
6597_2.txt,0, , , , ,X
8503_3.txt,0, , , ,X, 
6160_1.txt,0, , , ,X, 
8991_3.txt,0,X, , , , 
5463_1.txt,0, , , ,X, 
9948_2.txt,0, , , ,X, 
11988_2.txt,0, , , ,X, 
899_3.txt,0, , , ,X, 
8333_3.txt,0,X, , , , 
2584_2.txt,0, , , ,X, 
5115_3.txt,0, , , ,X, 
8645_1.txt,0, , , ,X, 
7324_4.txt,0, , , ,X, 
4539_3.txt,0, , , ,X, 
9130_4.txt,0, , , ,X, 
11930_2.txt,0, , , ,X, 
12266_1.txt,0, , , ,X, 
966_4.txt,0, , , ,X, 
11821_2.txt,0, , , ,X, 
10842_1.txt,0, , , ,X, 
10789_4.txt,0, , , ,X, 
1424_4.txt,0, , , ,X, 
832_4.txt,0, , , ,X, 
7997_1.txt,0,X, , , , 
64_3.txt,0, , , ,X, 
3416_4.txt,0, , , ,X, 
4143_4.txt,0, , , ,X, 
418_4.txt,0, , , ,X, 
2864_1.txt,0, , , ,X, 
8267_3.txt,0, , , ,X, 
11144_4.txt,0, , , ,X, 
12277_4.txt,0, , , ,X, 
8107_2.txt,0, , , ,X, 
1052_3.txt,0, , , ,X, 
6542_3.txt,0,X, , , , 
2979_1.txt,0, , , ,X, 
2226_4.txt,0, , , ,X, 
2984_1.txt,0, , , ,X, 
270_1.txt,0, , , ,X, 
4006_1.txt,0, , , ,X, 
7643_3.txt,0, , , ,X, 
4472_4.txt,0, , , ,X, 
10278_4.txt,0, , , ,X, 
8553_2.txt,0, , , ,X, 
10927_1.txt,0, , , ,X, 
1170_1.txt,0, , , ,X, 
1229_4.txt,0, , , ,X, 
8595_4.txt,0,X, , , , 
4820_4.txt,0, , , ,X, 
9568_4.txt,0, , , ,X, 
2649_2.txt,0, , , ,X, 
4417_1.txt,0,X, , , , 
1869_3.txt,0,X, , , , 
11654_4.txt,0, , , ,X, 
9577_3.txt,0, , , ,X, 
2343_4.txt,0, , , ,X, 
10410_1.txt,0, , , ,X, 
8731_4.txt,0, , , ,X, 
4081_3.txt,0, , , ,X, 
6763_3.txt,0, , , ,X, 
9345_1.txt,0, , , ,X, 
294_1.txt,0, , , ,X, 
11241_1.txt,0, , , ,X, 
2882_3.txt,0, , , , ,X
27_4.txt,0, , , ,X, 
3204_2.txt,0, , , ,X, 
2938_4.txt,0,X, , , , 
973_4.txt,0, , , ,X, 
10960_2.txt,0, , , ,X, 
7836_4.txt,0, , , ,X, 
175_4.txt,0, , , ,X, 
5201_3.txt,0, , , ,X, 
2860_4.txt,0, , , ,X, 
2927_3.txt,0, , , ,X, 
9038_4.txt,0, , , ,X, 
3457_1.txt,0, , , ,X, 
4102_1.txt,0, , , ,X, 
5147_1.txt,0, , , ,X, 
10838_2.txt,0, , , ,X, 
5941_1.txt,0, , , ,X, 
4632_4.txt,0,X, , , , 
5775_3.txt,0, , , ,X, 
1011_4.txt,0, , , ,X, 
11593_3.txt,0, , , ,X, 
11901_3.txt,0, , , ,X, 
2713_1.txt,0, , , ,X, 
8080_4.txt,0, , , ,X, 
6292_2.txt,0, , , ,X, 
5187_1.txt,0, , , ,X, 
8018_1.txt,0, , , ,X, 
8243_3.txt,0, , , , ,X
2060_2.txt,0, , , ,X, 
6254_4.txt,0, , , ,X, 
4_4.txt,0, , , ,X, 
4924_4.txt,0,X, , , , 
7787_3.txt,0, , , ,X, 
7148_1.txt,0, , , ,X, 
3324_2.txt,0, , , ,X, 
8040_4.txt,0, , , ,X, 
6995_2.txt,0, , , ,X, 
11516_3.txt,0, , , ,X, 
8142_3.txt,0, , , ,X, 
10339_4.txt,0, , , ,X, 
1400_4.txt,0, , , ,X, 
157_3.txt,0, , , ,X, 
1169_1.txt,0, , , ,X, 
2180_2.txt,0, , , ,X, 
11918_2.txt,0, , , ,X, 
9960_2.txt,0, , , ,X, 
3345_3.txt,0, , , ,X, 
5839_4.txt,0, , , ,X, 
9534_4.txt,0, , , ,X, 
4366_1.txt,0, , , ,X, 
1890_4.txt,0, , , ,X, 
6010_3.txt,0, , , ,X, 
7523_1.txt,0, , , ,X, 
5610_1.txt,0, , , ,X, 
8903_3.txt,0, , , ,X, 
12015_1.txt,0, , , ,X, 
7785_3.txt,0, , , ,X, 
6785_3.txt,0, , , ,X, 
767_1.txt,0,X, , , , 
8343_4.txt,0, , , ,X, 
4511_1.txt,0,X, , , , 
11258_2.txt,0, , , ,X, 
3631_1.txt,0, , , ,X, 
932_2.txt,0,X, , , , 
10162_4.txt,0, , , ,X, 
3674_1.txt,0, , , ,X, 
3159_1.txt,0, , , ,X, 
8164_2.txt,0, , , ,X, 
10984_1.txt,0, , , ,X, 
3796_3.txt,0, , , ,X, 
9735_3.txt,0, , , ,X, 
5800_2.txt,0, , , ,X, 
3669_4.txt,0, , , ,X, 
9243_1.txt,0, , , ,X, 
8182_1.txt,0, , , , ,X
9516_1.txt,0, , , ,X, 
4730_1.txt,0, , , ,X, 
6097_1.txt,0, , , ,X, 
197_1.txt,0, , , ,X, 
7891_1.txt,0, , , ,X, 
2179_4.txt,0, , , ,X, 
4000_4.txt,0,X, , , , 
1257_1.txt,0, , , ,X, 
4474_1.txt,0, , , ,X, 
7912_2.txt,0,X, , , , 
7369_3.txt,0, , , ,X, 
11378_2.txt,0, , , ,X, 
5262_2.txt,0, , , ,X, 
871_1.txt,0, , , ,X, 
5695_1.txt,0, , , ,X, 
9495_2.txt,0, , , ,X, 
6197_4.txt,0, , , ,X, 
11628_3.txt,0, , , ,X, 
10859_1.txt,0, , , ,X, 
0_2.txt,0, , , ,X, 
8752_4.txt,0, , , ,X, 
10529_3.txt,0, , , ,X, 
6538_3.txt,0, , , ,X, 
6681_3.txt,0, , , ,X, 
10222_1.txt,0, ,X, , , 
1974_1.txt,0, , , ,X, 
8146_4.txt,0, , , , ,X
2118_4.txt,0, , , ,X, 
116_4.txt,0, , , ,X, 
3737_3.txt,0, , , ,X, 
11960_1.txt,0, , , ,X, 
12236_2.txt,0, , , ,X, 
269_2.txt,0, , , ,X, 
812_3.txt,0, , , ,X, 
3670_4.txt,0,X, , , , 
4325_4.txt,0,X, , , , 
8361_2.txt,0, , , ,X, 
1889_4.txt,0, , , ,X, 
12485_4.txt,0, , , ,X, 
10265_3.txt,0, , , ,X, 
4382_3.txt,0, , , ,X, 
2018_1.txt,0, , , ,X, 
3018_1.txt,0, , , ,X, 
560_3.txt,0, , , ,X, 
10086_1.txt,0, , , ,X, 
5246_2.txt,0, , , ,X, 
12257_3.txt,0, , , ,X, 
4246_2.txt,0,X, , , , 
8322_4.txt,0, , , ,X, 
10776_4.txt,0, , , ,X, 
9367_4.txt,0, , , ,X, 
11674_3.txt,0, , , ,X, 
4902_4.txt,0,X, , , , 
11324_2.txt,0, , , , ,X
8023_4.txt,0, , , ,X, 
3347_2.txt,0, , , ,X, 
4634_1.txt,0, , , ,X, 
8471_2.txt,0, , , ,X, 
9880_1.txt,0, , , ,X, 
1524_3.txt,0, , , ,X, 
875_4.txt,0, , , ,X, 
11046_1.txt,0, , , ,X, 
3608_4.txt,0, , , ,X, 
4802_1.txt,0, , , ,X, 
6191_3.txt,0, , , , ,X
1813_3.txt,0, , , ,X, 
11103_4.txt,0, , , ,X, 
1992_2.txt,0, , , ,X, 
9557_4.txt,0, , , ,X, 
10062_4.txt,0, , , ,X, 
851_1.txt,0, , , ,X, 
6171_2.txt,0, , , ,X, 
7914_1.txt,0, , , , ,X
3905_3.txt,0, , , ,X, 
10774_2.txt,0, , , ,X, 
9859_4.txt,0, , , ,X, 
11224_3.txt,0, , , ,X, 
8448_2.txt,0, , , ,X, 
3475_1.txt,0, , , ,X, 
8099_2.txt,0, , , ,X, 
9737_4.txt,0, , , ,X, 
5945_2.txt,0, , , ,X, 
6687_1.txt,0, , , ,X, 
8635_3.txt,0, , , ,X, 
787_1.txt,0, , , ,X, 
6423_1.txt,0, , , ,X, 
8803_3.txt,0, , , ,X, 
9803_3.txt,0, , , ,X, 
4411_1.txt,0, , , ,X, 
2964_2.txt,0, ,X, , , 
1214_2.txt,0, , , ,X, 
6390_2.txt,0, , , ,X, 
6741_2.txt,0, , , ,X, 
1603_4.txt,0, , , ,X, 
12291_1.txt,0, , , ,X, 
1485_3.txt,0, , , ,X, 
2265_4.txt,0, , , ,X, 
3548_4.txt,0, , , ,X, 
8694_2.txt,0, , , ,X, 
3927_4.txt,0, , , ,X, 
12190_1.txt,0, , , ,X, 
8200_2.txt,0,X, , , , 
11285_2.txt,0, , , ,X, 
2164_4.txt,0, , , ,X, 
8283_4.txt,0, , , ,X, 
5788_4.txt,0, , , ,X, 
4494_1.txt,0, ,X, , , 
891_1.txt,0, , , ,X, 
5569_4.txt,0, , , ,X, 
4653_2.txt,0, , , ,X, 
4630_1.txt,0, , , ,X, 
5978_2.txt,0,X, , , , 
7075_3.txt,0, , , ,X, 
7177_4.txt,0, , , ,X, 
6030_3.txt,0, , , ,X, 
11801_1.txt,0, , , ,X, 
2385_4.txt,0, , , ,X, 
1149_3.txt,0, , , ,X, 
5047_3.txt,0, , , ,X, 
6109_2.txt,0, , , ,X, 
5145_4.txt,0,X, , , , 
1664_2.txt,0, , , ,X, 
6848_4.txt,0, , , ,X, 
10287_1.txt,0, , , ,X, 
4415_4.txt,0, , , ,X, 
6661_3.txt,0, , , ,X, 
7053_1.txt,0, , , ,X, 
10925_4.txt,0, , , ,X, 
5616_3.txt,0, , , ,X, 
8125_2.txt,0, , , ,X, 
4161_4.txt,0, , , ,X, 
5124_4.txt,0, , , ,X, 
1605_3.txt,0, , , ,X, 
9302_4.txt,0, , , ,X, 
8038_2.txt,0, , , ,X, 
7857_3.txt,0, , , ,X, 
6955_4.txt,0, , , ,X, 
9886_2.txt,0, , , ,X, 
11825_1.txt,0,X, , , , 
3959_3.txt,0, , , ,X, 
7254_2.txt,0, , , ,X, 
7272_1.txt,0, , , ,X, 
2339_1.txt,0, , , ,X, 
12400_1.txt,0, , , ,X, 
10805_4.txt,0, , , ,X, 
86_3.txt,0, , , , ,X
3409_4.txt,0, , , , ,X
3263_3.txt,0, , , ,X, 
2038_1.txt,0, , , ,X, 
10477_1.txt,0, , , ,X, 
3551_4.txt,0, , , ,X, 
3125_1.txt,0, , , ,X, 
5791_4.txt,0, , , ,X, 
4340_4.txt,0, , , ,X, 
4771_1.txt,0, , , ,X, 
9862_3.txt,0, , , ,X, 
4757_2.txt,0, , , ,X, 
9021_3.txt,0,X, , , , 
6442_3.txt,0, , , ,X, 
8844_2.txt,0, , , ,X, 
7442_3.txt,0, , , ,X, 
5264_2.txt,0, , , ,X, 
2923_3.txt,0, , , , ,X
2608_3.txt,0, , , ,X, 
2430_2.txt,0, , , ,X, 
11488_1.txt,0, , , ,X, 
6213_2.txt,0, , , ,X, 
4710_2.txt,0,X, , , , 
9066_3.txt,0, , , ,X, 
5342_4.txt,0, , , ,X, 
8982_1.txt,0, , , ,X, 
11689_4.txt,0, , , ,X, 
7173_3.txt,0, ,X, , , 
12196_4.txt,0, ,X, , , 
5085_2.txt,0, , , ,X, 
5437_1.txt,0, , , ,X, 
10733_3.txt,0, , , , ,X
1277_2.txt,0, , , ,X, 
3886_3.txt,0, , , ,X, 
4590_3.txt,0, , , ,X, 
5379_2.txt,0,X, , , , 
427_3.txt,0, , , ,X, 
6460_4.txt,0, , , ,X, 
2692_4.txt,0, , , ,X, 
3179_2.txt,0, , , ,X, 
11066_3.txt,0, , , ,X, 
4550_3.txt,0, , , ,X, 
8159_4.txt,0, , , ,X, 
3184_2.txt,0, , , ,X, 
5820_1.txt,0, , , ,X, 
1640_1.txt,0, , , ,X, 
9597_3.txt,0, , , ,X, 
1876_1.txt,0, , , ,X, 
5630_2.txt,0,X, , , , 
8940_3.txt,0,X, , , , 
4978_1.txt,0, , , ,X, 
8453_2.txt,0, , , ,X, 
3448_2.txt,0, , , ,X, 
8475_1.txt,0, , , ,X, 
1028_4.txt,0, , , ,X, 
4024_2.txt,0, , , ,X, 
7331_1.txt,0, , , ,X, 
231_1.txt,0, , , ,X, 
7317_2.txt,0,X, , , , 
3186_1.txt,0, , , ,X, 
8247_2.txt,0, , , ,X, 
6745_4.txt,0, , , ,X, 
7030_1.txt,0, , , ,X, 
11980_2.txt,0, , , ,X, 
9239_4.txt,0, , , , ,X
289_1.txt,0, , , ,X, 
1666_3.txt,0, , , ,X, 
763_2.txt,0, , , ,X, 
3860_1.txt,0, , , ,X, 
5768_3.txt,0, , , ,X, 
2278_3.txt,0, , , ,X, 
6834_3.txt,0, , , ,X, 
10573_3.txt,0, , , ,X, 
4469_3.txt,0,X, , , , 
3838_4.txt,0, , , ,X, 
10471_4.txt,0, , , ,X, 
10728_1.txt,0, , , ,X, 
6195_1.txt,0, , , ,X, 
372_2.txt,0, , , ,X, 
1395_1.txt,0, , , ,X, 
10263_3.txt,0, , , ,X, 
4883_3.txt,0, , , ,X, 
3776_1.txt,0, , , ,X, 
6953_1.txt,0, , , ,X, 
12251_3.txt,0, , , ,X, 
8728_1.txt,0,X, , , , 
3750_2.txt,0, , , ,X, 
464_4.txt,0, ,X, , , 
11451_1.txt,0, , , ,X, 
9040_1.txt,0, , , ,X, 
5824_4.txt,0, , , ,X, 
12117_1.txt,0,X, , , , 
11383_3.txt,0, , , ,X, 
2125_2.txt,0,X, , , , 
2966_2.txt,0, , , ,X, 
10717_3.txt,0, , , ,X, 
9792_3.txt,0, , , ,X, 
4221_3.txt,0, , , ,X, 
9186_2.txt,0, , , ,X, 
7951_3.txt,0, , , ,X, 
4712_1.txt,0, , , ,X, 
3202_1.txt,0, , , ,X, 
42_4.txt,0, , , ,X, 
2247_1.txt,0, , , ,X, 
1583_2.txt,0, , , ,X, 
6115_2.txt,0, , , ,X, 
9843_2.txt,0, , , ,X, 
2266_3.txt,0, , , ,X, 
9382_4.txt,0,X, , , , 
4101_1.txt,0, , , ,X, 
3472_2.txt,0, , , ,X, 
3924_3.txt,0, , , ,X, 
10945_1.txt,0, , , ,X, 
1798_3.txt,0, , , ,X, 
4597_3.txt,0, , , ,X, 
2299_1.txt,0, , , ,X, 
10221_2.txt,0, , , ,X, 
4001_4.txt,0,X, , , , 
12171_1.txt,0, , , ,X, 
12134_1.txt,0,X, , , , 
660_2.txt,0, , , ,X, 
10673_4.txt,0, , , ,X, 
646_1.txt,0, , , ,X, 
3900_2.txt,0, , , ,X, 
11920_4.txt,0, , , ,X, 
11126_4.txt,0, , , ,X, 
8572_4.txt,0, , , ,X, 
9572_4.txt,0, , , ,X, 
6056_1.txt,0, , , ,X, 
2282_2.txt,0, , , ,X, 
9106_1.txt,0, , , ,X, 
4099_1.txt,0, , , ,X, 
10158_2.txt,0, , , ,X, 
2183_2.txt,0, , , ,X, 
9242_1.txt,0, , , ,X, 
8221_2.txt,0,X, , , , 
1891_4.txt,0, , , ,X, 
4220_4.txt,0, , , ,X, 
12350_1.txt,0, , , ,X, 
8437_1.txt,0,X, , , , 
11865_1.txt,0, , , ,X, 
7587_4.txt,0, , , ,X, 
3344_1.txt,0, , , ,X, 
4278_1.txt,0, , , ,X, 
4962_4.txt,0,X, , , , 
7310_3.txt,0, , , ,X, 
11898_1.txt,0, , , , ,X
9078_2.txt,0, , , ,X, 
705_2.txt,0, , , ,X, 
1252_4.txt,0, , , ,X, 
1948_1.txt,0, , , ,X, 
2238_1.txt,0, , , ,X, 
2922_4.txt,0, , , ,X, 
1645_2.txt,0, , , ,X, 
11246_4.txt,0, , , ,X, 
969_4.txt,0, , , ,X, 
5005_1.txt,0, , , ,X, 
273_1.txt,0, , , ,X, 
3181_1.txt,0, , , ,X, 
4491_1.txt,0, , , ,X, 
8710_3.txt,0, , , ,X, 
9657_4.txt,0, , , ,X, 
3987_1.txt,0, , , ,X, 
6406_4.txt,0, , , ,X, 
6996_3.txt,0, , , ,X, 
10550_2.txt,0, , , ,X, 
10806_3.txt,0, , , ,X, 
5304_1.txt,0, , , ,X, 
154_2.txt,0, , , ,X, 
4341_1.txt,0, , , ,X, 
6419_3.txt,0, , , ,X, 
2867_1.txt,0, , , ,X, 
8323_4.txt,0, , , ,X, 
5980_2.txt,0, , , ,X, 
5493_3.txt,0, , , ,X, 
6334_3.txt,0, , , ,X, 
9963_3.txt,0, , , ,X, 
1208_3.txt,0, , , ,X, 
7543_1.txt,0, , , ,X, 
5613_2.txt,0, , , ,X, 
11867_2.txt,0, , , ,X, 
1427_4.txt,0, , , ,X, 
933_3.txt,0,X, , , , 
6172_4.txt,0, , , ,X, 
6070_3.txt,0, , , ,X, 
2751_4.txt,0, , , ,X, 
9648_3.txt,0, , , ,X, 
8087_1.txt,0, , , ,X, 
831_4.txt,0, , , ,X, 
8158_3.txt,0, , , ,X, 
5884_3.txt,0, , , ,X, 
12349_1.txt,0, , , ,X, 
4239_4.txt,0, , , ,X, 
11413_1.txt,0, , , ,X, 
1073_4.txt,0, , , ,X, 
9496_1.txt,0,X, , , , 
6563_4.txt,0, , , , ,X
4224_1.txt,0, , , ,X, 
3428_4.txt,0, , , ,X, 
3947_1.txt,0, , , ,X, 
1254_2.txt,0, , , ,X, 
6744_2.txt,0, , , ,X, 
6680_3.txt,0, , , ,X, 
9677_1.txt,0, , , ,X, 
6316_4.txt,0, , , ,X, 
11454_3.txt,0, , , ,X, 
10981_4.txt,0, , , ,X, 
9806_3.txt,0, , , ,X, 
12237_2.txt,0, , , ,X, 
6017_4.txt,0, , , ,X, 
6913_1.txt,0, , , ,X, 
7913_1.txt,0, , , , ,X
813_1.txt,0, , , ,X, 
5263_1.txt,0, , , ,X, 
8431_4.txt,0, , , ,X, 
738_1.txt,0, , , ,X, 
1930_3.txt,0, , , ,X, 
8806_1.txt,0, , , ,X, 
4652_4.txt,0,X, , , , 
4283_4.txt,0, , , ,X, 
9775_4.txt,0, , , ,X, 
4942_2.txt,0, , , ,X, 
2492_4.txt,0, , , ,X, 
11710_1.txt,0, , , ,X, 
9552_2.txt,0,X, , , , 
7015_4.txt,0, , , ,X, 
11279_4.txt,0,X, , , , 
1228_4.txt,0, , , ,X, 
5509_3.txt,0, , , ,X, 
2221_2.txt,0, , , ,X, 
11087_3.txt,0, , , , ,X
524_1.txt,0, , , ,X, 
6402_2.txt,0, , , ,X, 
4923_3.txt,0,X, , , , 
6682_3.txt,0, , , ,X, 
5608_3.txt,0, , , ,X, 
7876_1.txt,0,X, , , , 
10804_3.txt,0,X, , , , 
11496_3.txt,0, , , ,X, 
2589_2.txt,0, , , ,X, 
8592_2.txt,0, , , ,X, 
1016_3.txt,0, , , ,X, 
6357_2.txt,0,X, , , , 
128_4.txt,0, , , ,X, 
2574_2.txt,0, , , ,X, 
9839_3.txt,0, , , ,X, 
11820_2.txt,0, , , ,X, 
3614_3.txt,0, , , ,X, 
8399_4.txt,0, , , ,X, 
3301_2.txt,0, , , ,X, 
9167_3.txt,0,X, , , , 
4429_3.txt,0,X, , , , 
5672_1.txt,0,X, , , , 
10795_1.txt,0, , , ,X, 
6271_4.txt,0, , , ,X, 
12480_2.txt,0, , , ,X, 
5536_1.txt,0, , , ,X, 
11677_2.txt,0, , , ,X, 
1168_1.txt,0, , , ,X, 
7623_3.txt,0, , , ,X, 
8266_2.txt,0, , , ,X, 
8240_1.txt,0,X, , , , 
5086_4.txt,0, , , ,X, 
2576_1.txt,0, , , ,X, 
11327_3.txt,0, , , ,X, 
6310_1.txt,0,X, , , , 
808_3.txt,0, , , ,X, 
65_2.txt,0, , , , ,X
1269_1.txt,0, , , ,X, 
467_3.txt,0, , , ,X, 
8629_1.txt,0, , , , ,X
9472_3.txt,0,X, , , , 
3280_2.txt,0,X, , , , 
6799_4.txt,0, , , ,X, 
2002_1.txt,0, , , ,X, 
8340_4.txt,0, ,X, , , 
1352_2.txt,0, , , ,X, 
11978_3.txt,0, , , ,X, 
257_3.txt,0,X, , , , 
6506_2.txt,0,X, , , , 
2325_2.txt,0, , , , ,X
1401_4.txt,0, , , ,X, 
852_4.txt,0, , , ,X, 
9087_2.txt,0, , , ,X, 
8435_1.txt,0,X, , , , 
1197_3.txt,0, , , ,X, 
9881_2.txt,0, , , ,X, 
1354_4.txt,0, , , ,X, 
3087_1.txt,0, , , ,X, 
7169_4.txt,0, , , ,X, 
6096_3.txt,0, , , ,X, 
11729_4.txt,0, , , ,X, 
1112_3.txt,0, , , ,X, 
9822_1.txt,0, , , ,X, 
10736_3.txt,0, , , ,X, 
1237_2.txt,0, , , ,X, 
3556_4.txt,0, , , ,X, 
2883_3.txt,0, , , ,X, 
5750_2.txt,0, , , ,X, 
8609_4.txt,0, , , ,X, 
2384_3.txt,0, , , ,X, 
8843_4.txt,0, , , ,X, 
6196_2.txt,0, , , ,X, 
4617_1.txt,0, , , ,X, 
11981_3.txt,0, , , ,X, 
6956_4.txt,0, , , ,X, 
1995_3.txt,0, , , ,X, 
9885_2.txt,0, , , ,X, 
8301_4.txt,0,X, , , , 
8203_3.txt,0,X, , , , 
2535_3.txt,0, , , ,X, 
7353_3.txt,0,X, , , , 
1741_4.txt,0,X, , , , 
4127_4.txt,0,X, , , , 
9469_4.txt,0, , , ,X, 
3178_2.txt,0, , , ,X, 
1830_3.txt,0, , , ,X, 
11648_4.txt,0, , , ,X, 
12354_3.txt,0, , , ,X, 
6309_4.txt,0,X, , , , 
10963_4.txt,0, , , ,X, 
10610_1.txt,0, , , ,X, 
9589_4.txt,0, , , ,X, 
4082_4.txt,0,X, , , , 
2847_3.txt,0,X, , , , 
11610_1.txt,0, , , ,X, 
1667_2.txt,0, , , ,X, 
5864_1.txt,0,X, , , , 
8022_3.txt,0,X, , , , 
8861_3.txt,0, , , ,X, 
2653_4.txt,0, , , ,X, 
229_1.txt,0, , , ,X, 
12250_2.txt,0, , , ,X, 
889_3.txt,0, , , ,X, 
623_2.txt,0, , , ,X, 
2920_1.txt,0, , , ,X, 
5007_4.txt,0, , , ,X, 
3552_4.txt,0,X, , , , 
12188_3.txt,0, , , ,X, 
7190_4.txt,0, , , ,X, 
1014_4.txt,0, , , ,X, 
3716_1.txt,0, , , , ,X
6915_2.txt,0, , , ,X, 
11775_1.txt,0, , , ,X, 
7640_4.txt,0, , , ,X, 
7393_3.txt,0, , , , ,X
2967_3.txt,0, , , ,X, 
598_1.txt,0, , , ,X, 
4121_3.txt,0, , , ,X, 
1294_4.txt,0, , , ,X, 
3941_1.txt,0, , , ,X, 
2359_3.txt,0, , , ,X, 
9939_2.txt,0, , , ,X, 
1683_2.txt,0, , , ,X, 
7852_4.txt,0,X, , , , 
10102_2.txt,0, , , ,X, 
6852_4.txt,0,X, , , , 
10609_1.txt,0, , , ,X, 
2489_3.txt,0, , , ,X, 
8947_4.txt,0, , , ,X, 
1582_2.txt,0,X, , , , 
11550_4.txt,0,X, , , , 
4166_1.txt,0, , , ,X, 
3338_2.txt,0, , , ,X, 
2841_4.txt,0,X, , , , 
3732_1.txt,0, , , ,X, 
2714_2.txt,0, , , ,X, 
3777_1.txt,0, , , , ,X
8490_1.txt,0, , , ,X, 
2303_4.txt,0, , , ,X, 
4656_4.txt,0, , , ,X, 
4287_4.txt,0, , , ,X, 
10081_1.txt,0, , , ,X, 
5754_3.txt,0, , , ,X, 
2695_3.txt,0, , , ,X, 
11323_2.txt,0, , , ,X, 
12073_1.txt,0, , , ,X, 
7295_1.txt,0, , , ,X, 
3022_1.txt,0, , , ,X, 
2279_3.txt,0, , , ,X, 
4676_1.txt,0, , , ,X, 
1579_4.txt,0, , , ,X, 
2748_3.txt,0, , , ,X, 
2399_3.txt,0, , , ,X, 
7316_2.txt,0,X, , , , 
8878_3.txt,0, , , ,X, 
1313_3.txt,0, , , ,X, 
8139_4.txt,0, , , ,X, 
2612_1.txt,0, , , ,X, 
11043_3.txt,0, , , ,X, 
5159_3.txt,0, , , ,X, 
4302_1.txt,0, , , ,X, 
7759_1.txt,0, , , ,X, 
6502_3.txt,0, , , ,X, 
3119_2.txt,0, , , ,X, 
5674_1.txt,0, , , ,X, 
10535_3.txt,0, , , ,X, 
2939_3.txt,0, , , ,X, 
4245_4.txt,0, , , ,X, 
11218_3.txt,0, , , ,X, 
5347_3.txt,0, , , ,X, 
2098_1.txt,0, , , ,X, 
6031_3.txt,0, , , ,X, 
6458_3.txt,0, , , ,X, 
725_2.txt,0, , , ,X, 
3020_1.txt,0, , , ,X, 
4530_1.txt,0, , , ,X, 
4144_4.txt,0, , , ,X, 
3411_4.txt,0, , , ,X, 
5595_4.txt,0, , , ,X, 
1853_3.txt,0, , , ,X, 
133_1.txt,0, , , ,X, 
12337_3.txt,0, , , ,X, 
4345_1.txt,0, , , ,X, 
6397_4.txt,0,X, , , , 
11655_2.txt,0, , , ,X, 
8039_3.txt,0, , , ,X, 
2824_3.txt,0, , , ,X, 
4430_4.txt,0, , , ,X, 
9201_2.txt,0, , , ,X, 
3185_1.txt,0, , , ,X, 
10552_4.txt,0, , , ,X, 
8041_3.txt,0, , , ,X, 
5385_1.txt,0, , , ,X, 
9802_3.txt,0, , , ,X, 
11517_4.txt,0,X, , , , 
915_4.txt,0, , , ,X, 
10338_3.txt,0,X, , , , 
11163_1.txt,0, , , ,X, 
7585_3.txt,0, , , ,X, 
1233_1.txt,0, , , ,X, 
3145_1.txt,0, , , ,X, 
6766_1.txt,0, , , ,X, 
1068_3.txt,0, , , ,X, 
2688_4.txt,0,X, , , , 
7766_1.txt,0,X, , , , 
8242_4.txt,0,X, , , , 
9305_3.txt,0, , , ,X, 
6786_4.txt,0, , , ,X, 
11201_2.txt,0, , , ,X, 
2878_2.txt,0, , , ,X, 
5756_3.txt,0, , , ,X, 
6113_1.txt,0, , , ,X, 
4457_3.txt,0, , , ,X, 
6519_2.txt,0, , , ,X, 
5457_3.txt,0,X, , , , 
1747_1.txt,0, , , ,X, 
7049_3.txt,0, , , ,X, 
10058_2.txt,0, , , ,X, 
5846_4.txt,0, , , ,X, 
3515_4.txt,0, , , ,X, 
1009_3.txt,0, , , ,X, 
172_4.txt,0, , , ,X, 
4692_3.txt,0,X, , , , 
2280_4.txt,0, , , ,X, 
9187_1.txt,0, , , ,X, 
2716_3.txt,0, , , ,X, 
6037_4.txt,0, , , ,X, 
7420_2.txt,0, , , ,X, 
3126_3.txt,0, , , ,X, 
10714_2.txt,0, , , ,X, 
8511_3.txt,0, , , ,X, 
5118_4.txt,0, , , ,X, 
7974_1.txt,0, , , ,X, 
1855_4.txt,0,X, , , , 
6994_4.txt,0, , , ,X, 
9824_1.txt,0, , , ,X, 
10839_4.txt,0, , , ,X, 
5821_3.txt,0, , , ,X, 
1743_4.txt,0, , , ,X, 
9777_1.txt,0, , , ,X, 
849_1.txt,0, , , ,X, 
5966_4.txt,0, , , ,X, 
6601_2.txt,0, , , , ,X
7601_2.txt,0, , , ,X, 
3004_1.txt,0, , , ,X, 
12311_1.txt,0, , , ,X, 
10824_1.txt,0, , , ,X, 
9668_3.txt,0, , , , ,X
9887_2.txt,0, , , ,X, 
5615_1.txt,0, , , ,X, 
4899_3.txt,0, , , ,X, 
8841_4.txt,0, , , ,X, 
8943_3.txt,0, , , ,X, 
7194_2.txt,0, , , ,X, 
3187_2.txt,0, , , ,X, 
5866_1.txt,0,X, , , , 
9919_4.txt,0,X, , , , 
1272_4.txt,0, , , ,X, 
11612_1.txt,0, , , ,X, 
8533_4.txt,0, , , ,X, 
4796_2.txt,0, , , ,X, 
9431_3.txt,0,X, , , , 
10924_4.txt,0, , , ,X, 
6524_3.txt,0, , , ,X, 
9124_2.txt,0, , , ,X, 
11556_1.txt,0, , , ,X, 
